2026-03-03 16:58:04,964 [Worker-5: Loading available Gradle versions] INFO  o.e.b.c.i.u.g.PublishedGradleVersions - Gradle version information cache is not available. Remote download required.
2026-03-03 16:58:37,402 [Worker-13: Importing Maven projects] INFO  o.e.m.c.i.l.LifecycleMappingFactory - Using org.eclipse.m2e.jdt.JarLifecycleMapping lifecycle mapping for MavenProject: com.wonderverse:wonderverse-backend:0.0.1-SNAPSHOT @ /Users/pankajkumar/Desktop/drive/project/WonderVerse/wonderverse-backend/pom.xml.
2026-03-03 16:58:37,774 [Worker-13: Importing Maven projects] INFO  o.e.m.c.i.e.AbstractTransferListenerAdapter - Downloading https://repo.maven.apache.org/maven2/org/springframework/boot/spring-boot-starter-cache/4.0.3/spring-boot-starter-cache-4.0.3.pom
2026-03-03 16:58:37,781 [Worker-13: Importing Maven projects] INFO  o.e.m.c.i.e.AbstractTransferListenerAdapter - Downloaded https://repo.maven.apache.org/maven2/org/springframework/boot/spring-boot-starter-cache/4.0.3/spring-boot-starter-cache-4.0.3.pom
2026-03-03 16:58:37,903 [Worker-13: Importing Maven projects] INFO  o.e.m.c.i.e.AbstractTransferListenerAdapter - Downloading https://repo.maven.apache.org/maven2/org/springframework/boot/spring-boot-cache/4.0.3/spring-boot-cache-4.0.3.pom
2026-03-03 16:58:37,905 [Worker-13: Importing Maven projects] INFO  o.e.m.c.i.e.AbstractTransferListenerAdapter - Downloaded https://repo.maven.apache.org/maven2/org/springframework/boot/spring-boot-cache/4.0.3/spring-boot-cache-4.0.3.pom
2026-03-03 16:58:37,970 [Worker-13: Importing Maven projects] INFO  o.e.m.c.i.e.AbstractTransferListenerAdapter - Downloading https://repo.maven.apache.org/maven2/org/springframework/spring-context-support/7.0.5/spring-context-support-7.0.5.pom
2026-03-03 16:58:37,972 [Worker-13: Importing Maven projects] INFO  o.e.m.c.i.e.AbstractTransferListenerAdapter - Downloaded https://repo.maven.apache.org/maven2/org/springframework/spring-context-support/7.0.5/spring-context-support-7.0.5.pom
2026-03-03 16:58:38,122 [Worker-13: Importing Maven projects] INFO  o.e.m.c.i.e.AbstractTransferListenerAdapter - Downloading https://repo.maven.apache.org/maven2/org/springframework/boot/spring-boot-starter-mail/4.0.3/spring-boot-starter-mail-4.0.3.pom
2026-03-03 16:58:38,124 [Worker-13: Importing Maven projects] INFO  o.e.m.c.i.e.AbstractTransferListenerAdapter - Downloaded https://repo.maven.apache.org/maven2/org/springframework/boot/spring-boot-starter-mail/4.0.3/spring-boot-starter-mail-4.0.3.pom
2026-03-03 16:58:38,203 [Worker-13: Importing Maven projects] INFO  o.e.m.c.i.e.AbstractTransferListenerAdapter - Downloading https://repo.maven.apache.org/maven2/org/springframework/boot/spring-boot-mail/4.0.3/spring-boot-mail-4.0.3.pom
2026-03-03 16:58:38,204 [Worker-13: Importing Maven projects] INFO  o.e.m.c.i.e.AbstractTransferListenerAdapter - Downloaded https://repo.maven.apache.org/maven2/org/springframework/boot/spring-boot-mail/4.0.3/spring-boot-mail-4.0.3.pom
2026-03-03 16:58:38,277 [Worker-13: Importing Maven projects] INFO  o.e.m.c.i.e.AbstractTransferListenerAdapter - Downloading https://repo.maven.apache.org/maven2/jakarta/mail/jakarta.mail-api/2.1.5/jakarta.mail-api-2.1.5.pom
2026-03-03 16:58:38,284 [Worker-13: Importing Maven projects] INFO  o.e.m.c.i.e.AbstractTransferListenerAdapter - Downloaded https://repo.maven.apache.org/maven2/jakarta/mail/jakarta.mail-api/2.1.5/jakarta.mail-api-2.1.5.pom
2026-03-03 16:58:38,372 [Worker-13: Importing Maven projects] INFO  o.e.m.c.i.e.AbstractTransferListenerAdapter - Downloading https://repo.maven.apache.org/maven2/org/eclipse/angus/angus-mail/2.0.5/angus-mail-2.0.5.pom
2026-03-03 16:58:38,375 [Worker-13: Importing Maven projects] INFO  o.e.m.c.i.e.AbstractTransferListenerAdapter - Downloaded https://repo.maven.apache.org/maven2/org/eclipse/angus/angus-mail/2.0.5/angus-mail-2.0.5.pom
2026-03-03 16:58:39,155 [Worker-13: Importing Maven projects] INFO  o.e.m.c.i.e.AbstractTransferListenerAdapter - Downloading https://repo.maven.apache.org/maven2/org/eclipse/angus/all/2.0.5/all-2.0.5.pom
2026-03-03 16:58:39,162 [Worker-13: Importing Maven projects] INFO  o.e.m.c.i.e.AbstractTransferListenerAdapter - Downloaded https://repo.maven.apache.org/maven2/org/eclipse/angus/all/2.0.5/all-2.0.5.pom
2026-03-03 16:58:39,264 [Worker-13: Importing Maven projects] INFO  o.e.m.c.i.e.AbstractTransferListenerAdapter - Downloading https://repo.maven.apache.org/maven2/org/springframework/boot/spring-boot-devtools/4.0.3/spring-boot-devtools-4.0.3.pom
2026-03-03 16:58:39,265 [Worker-13: Importing Maven projects] INFO  o.e.m.c.i.e.AbstractTransferListenerAdapter - Downloaded https://repo.maven.apache.org/maven2/org/springframework/boot/spring-boot-devtools/4.0.3/spring-boot-devtools-4.0.3.pom
2026-03-03 16:58:39,325 [Worker-13: Importing Maven projects] INFO  o.e.m.c.i.e.AbstractTransferListenerAdapter - Downloading https://repo.maven.apache.org/maven2/org/springframework/boot/spring-boot-starter-cache-test/4.0.3/spring-boot-starter-cache-test-4.0.3.pom
2026-03-03 16:58:39,327 [Worker-13: Importing Maven projects] INFO  o.e.m.c.i.e.AbstractTransferListenerAdapter - Downloaded https://repo.maven.apache.org/maven2/org/springframework/boot/spring-boot-starter-cache-test/4.0.3/spring-boot-starter-cache-test-4.0.3.pom
2026-03-03 16:58:39,447 [Worker-13: Importing Maven projects] INFO  o.e.m.c.i.e.AbstractTransferListenerAdapter - Downloading https://repo.maven.apache.org/maven2/org/springframework/boot/spring-boot-cache-test/4.0.3/spring-boot-cache-test-4.0.3.pom
2026-03-03 16:58:39,449 [Worker-13: Importing Maven projects] INFO  o.e.m.c.i.e.AbstractTransferListenerAdapter - Downloaded https://repo.maven.apache.org/maven2/org/springframework/boot/spring-boot-cache-test/4.0.3/spring-boot-cache-test-4.0.3.pom
2026-03-03 16:58:39,532 [Worker-13: Importing Maven projects] INFO  o.e.m.c.i.e.AbstractTransferListenerAdapter - Downloading https://repo.maven.apache.org/maven2/org/springframework/boot/spring-boot-starter-mail-test/4.0.3/spring-boot-starter-mail-test-4.0.3.pom
2026-03-03 16:58:39,534 [Worker-13: Importing Maven projects] INFO  o.e.m.c.i.e.AbstractTransferListenerAdapter - Downloaded https://repo.maven.apache.org/maven2/org/springframework/boot/spring-boot-starter-mail-test/4.0.3/spring-boot-starter-mail-test-4.0.3.pom
2026-03-03 16:58:39,635 [Worker-13: Importing Maven projects] INFO  o.e.m.c.i.e.AbstractTransferListenerAdapter - Downloading https://repo.maven.apache.org/maven2/org/springframework/boot/spring-boot-starter-cache/4.0.3/spring-boot-starter-cache-4.0.3.jar
2026-03-03 16:58:39,640 [Worker-13: Importing Maven projects] INFO  o.e.m.c.i.e.AbstractTransferListenerAdapter - Downloaded https://repo.maven.apache.org/maven2/org/springframework/boot/spring-boot-starter-cache/4.0.3/spring-boot-starter-cache-4.0.3.jar
2026-03-03 16:58:39,706 [BasicRepositoryConnector-repo.maven.apache.org-0-0] INFO  o.e.m.c.i.e.AbstractTransferListenerAdapter - Downloading https://repo.maven.apache.org/maven2/org/springframework/boot/spring-boot-cache/4.0.3/spring-boot-cache-4.0.3.jar
2026-03-03 16:58:39,769 [BasicRepositoryConnector-repo.maven.apache.org-0-0] INFO  o.e.m.c.i.e.AbstractTransferListenerAdapter - Downloaded https://repo.maven.apache.org/maven2/org/springframework/boot/spring-boot-cache/4.0.3/spring-boot-cache-4.0.3.jar
2026-03-03 16:58:39,824 [BasicRepositoryConnector-repo.maven.apache.org-0-0] INFO  o.e.m.c.i.e.AbstractTransferListenerAdapter - Downloading https://repo.maven.apache.org/maven2/org/eclipse/angus/angus-mail/2.0.5/angus-mail-2.0.5.jar
2026-03-03 16:58:39,935 [BasicRepositoryConnector-repo.maven.apache.org-0-2] INFO  o.e.m.c.i.e.AbstractTransferListenerAdapter - Downloading https://repo.maven.apache.org/maven2/org/springframework/boot/spring-boot-starter-mail/4.0.3/spring-boot-starter-mail-4.0.3.jar
2026-03-03 16:58:39,937 [BasicRepositoryConnector-repo.maven.apache.org-0-4] INFO  o.e.m.c.i.e.AbstractTransferListenerAdapter - Downloading https://repo.maven.apache.org/maven2/jakarta/mail/jakarta.mail-api/2.1.5/jakarta.mail-api-2.1.5.jar
2026-03-03 16:58:39,938 [BasicRepositoryConnector-repo.maven.apache.org-0-2] INFO  o.e.m.c.i.e.AbstractTransferListenerAdapter - Downloaded https://repo.maven.apache.org/maven2/org/springframework/boot/spring-boot-starter-mail/4.0.3/spring-boot-starter-mail-4.0.3.jar
2026-03-03 16:58:39,938 [BasicRepositoryConnector-repo.maven.apache.org-0-1] INFO  o.e.m.c.i.e.AbstractTransferListenerAdapter - Downloading https://repo.maven.apache.org/maven2/org/springframework/spring-context-support/7.0.5/spring-context-support-7.0.5.jar
2026-03-03 16:58:39,943 [BasicRepositoryConnector-repo.maven.apache.org-0-3] INFO  o.e.m.c.i.e.AbstractTransferListenerAdapter - Downloading https://repo.maven.apache.org/maven2/org/springframework/boot/spring-boot-mail/4.0.3/spring-boot-mail-4.0.3.jar
2026-03-03 16:58:39,956 [BasicRepositoryConnector-repo.maven.apache.org-0-3] INFO  o.e.m.c.i.e.AbstractTransferListenerAdapter - Downloaded https://repo.maven.apache.org/maven2/org/springframework/boot/spring-boot-mail/4.0.3/spring-boot-mail-4.0.3.jar
2026-03-03 16:58:40,623 [BasicRepositoryConnector-repo.maven.apache.org-0-0] INFO  o.e.m.c.i.e.AbstractTransferListenerAdapter - Downloaded https://repo.maven.apache.org/maven2/org/eclipse/angus/angus-mail/2.0.5/angus-mail-2.0.5.jar
2026-03-03 16:58:40,631 [BasicRepositoryConnector-repo.maven.apache.org-0-2] INFO  o.e.m.c.i.e.AbstractTransferListenerAdapter - Downloading https://repo.maven.apache.org/maven2/org/springframework/boot/spring-boot-devtools/4.0.3/spring-boot-devtools-4.0.3.jar
2026-03-03 16:58:40,666 [BasicRepositoryConnector-repo.maven.apache.org-0-3] INFO  o.e.m.c.i.e.AbstractTransferListenerAdapter - Downloading https://repo.maven.apache.org/maven2/org/springframework/boot/spring-boot-starter-cache-test/4.0.3/spring-boot-starter-cache-test-4.0.3.jar
2026-03-03 16:58:40,668 [BasicRepositoryConnector-repo.maven.apache.org-0-3] INFO  o.e.m.c.i.e.AbstractTransferListenerAdapter - Downloaded https://repo.maven.apache.org/maven2/org/springframework/boot/spring-boot-starter-cache-test/4.0.3/spring-boot-starter-cache-test-4.0.3.jar
2026-03-03 16:58:40,711 [BasicRepositoryConnector-repo.maven.apache.org-0-1] INFO  o.e.m.c.i.e.AbstractTransferListenerAdapter - Downloaded https://repo.maven.apache.org/maven2/org/springframework/spring-context-support/7.0.5/spring-context-support-7.0.5.jar
2026-03-03 16:58:40,736 [BasicRepositoryConnector-repo.maven.apache.org-0-0] INFO  o.e.m.c.i.e.AbstractTransferListenerAdapter - Downloading https://repo.maven.apache.org/maven2/org/springframework/boot/spring-boot-cache-test/4.0.3/spring-boot-cache-test-4.0.3.jar
2026-03-03 16:58:40,737 [BasicRepositoryConnector-repo.maven.apache.org-0-4] INFO  o.e.m.c.i.e.AbstractTransferListenerAdapter - Downloaded https://repo.maven.apache.org/maven2/jakarta/mail/jakarta.mail-api/2.1.5/jakarta.mail-api-2.1.5.jar
2026-03-03 16:58:40,738 [BasicRepositoryConnector-repo.maven.apache.org-0-0] INFO  o.e.m.c.i.e.AbstractTransferListenerAdapter - Downloaded https://repo.maven.apache.org/maven2/org/springframework/boot/spring-boot-cache-test/4.0.3/spring-boot-cache-test-4.0.3.jar
2026-03-03 16:58:40,770 [BasicRepositoryConnector-repo.maven.apache.org-0-3] INFO  o.e.m.c.i.e.AbstractTransferListenerAdapter - Downloading https://repo.maven.apache.org/maven2/org/springframework/boot/spring-boot-starter-mail-test/4.0.3/spring-boot-starter-mail-test-4.0.3.jar
2026-03-03 16:58:40,772 [BasicRepositoryConnector-repo.maven.apache.org-0-3] INFO  o.e.m.c.i.e.AbstractTransferListenerAdapter - Downloaded https://repo.maven.apache.org/maven2/org/springframework/boot/spring-boot-starter-mail-test/4.0.3/spring-boot-starter-mail-test-4.0.3.jar
2026-03-03 16:58:40,846 [BasicRepositoryConnector-repo.maven.apache.org-0-2] INFO  o.e.m.c.i.e.AbstractTransferListenerAdapter - Downloaded https://repo.maven.apache.org/maven2/org/springframework/boot/spring-boot-devtools/4.0.3/spring-boot-devtools-4.0.3.jar
2026-03-03 16:58:41,229 [Worker-13: Importing Maven projects] INFO  o.e.m.j.i.AbstractJavaProjectConfigurator - Adding source folder /wonderverse-backend/src/main/java
2026-03-03 16:58:41,230 [Worker-13: Importing Maven projects] INFO  o.e.m.j.i.AbstractJavaProjectConfigurator - Adding resource folder /wonderverse-backend/src/main/resources
2026-03-03 16:58:41,232 [Worker-13: Importing Maven projects] INFO  o.e.m.j.i.AbstractJavaProjectConfigurator - Adding resource folder /wonderverse-backend/src/main/resources
2026-03-03 16:58:41,233 [Worker-13: Importing Maven projects] INFO  o.e.m.j.i.AbstractJavaProjectConfigurator - Adding source folder /wonderverse-backend/src/test/java
2026-03-03 16:58:41,234 [Worker-13: Importing Maven projects] INFO  o.e.m.j.i.AbstractJavaProjectConfigurator - Adding resource folder /wonderverse-backend/src/test/resources
2026-03-03 16:58:41,867 [Worker-13: Importing Maven projects] WARN  o.apache.maven.project.MavenProject - Direct modification of compileSourceRoots through clear() is deprecated and will not work in Maven 4.0.0. Please use the add/remove methods instead. If you're using a plugin that causes this warning, please upgrade to the latest version and report an issue if the warning persists. To disable these warnings, set -Dmaven.project.sourceRoots.warningsDisabled=true on the command line, in the .mvn/maven.config file, or in project POM properties.
2026-03-03 16:58:41,868 [Worker-13: Importing Maven projects] WARN  o.apache.maven.project.MavenProject - Direct modification of compileSourceRoots through add() is deprecated and will not work in Maven 4.0.0. Please use the add/remove methods instead. If you're using a plugin that causes this warning, please upgrade to the latest version and report an issue if the warning persists. To disable these warnings, set -Dmaven.project.sourceRoots.warningsDisabled=true on the command line, in the .mvn/maven.config file, or in project POM properties.
2026-03-03 16:58:41,868 [Worker-13: Importing Maven projects] WARN  o.apache.maven.project.MavenProject - Direct modification of testCompileSourceRoots through clear() is deprecated and will not work in Maven 4.0.0. Please use the add/remove methods instead. If you're using a plugin that causes this warning, please upgrade to the latest version and report an issue if the warning persists. To disable these warnings, set -Dmaven.project.sourceRoots.warningsDisabled=true on the command line, in the .mvn/maven.config file, or in project POM properties.
2026-03-03 16:58:41,869 [Worker-13: Importing Maven projects] WARN  o.apache.maven.project.MavenProject - Direct modification of testCompileSourceRoots through add() is deprecated and will not work in Maven 4.0.0. Please use the add/remove methods instead. If you're using a plugin that causes this warning, please upgrade to the latest version and report an issue if the warning persists. To disable these warnings, set -Dmaven.project.sourceRoots.warningsDisabled=true on the command line, in the .mvn/maven.config file, or in project POM properties.
2026-03-03 16:58:41,900 [Worker-13: Importing Maven projects] INFO  o.e.m.c.i.p.ProjectConfigurationManager - Imported and configured 1 project(s) in 14 sec
2026-03-03 16:58:42,390 [Worker-2: Download sources and javadoc] INFO  o.e.m.c.i.e.AbstractTransferListenerAdapter - Downloading https://repo.maven.apache.org/maven2/org/springframework/boot/spring-boot-starter-cache/4.0.3/spring-boot-starter-cache-4.0.3-sources.jar
2026-03-03 16:58:42,391 [Worker-2: Download sources and javadoc] INFO  o.e.m.c.i.e.AbstractTransferListenerAdapter - Downloaded https://repo.maven.apache.org/maven2/org/springframework/boot/spring-boot-starter-cache/4.0.3/spring-boot-starter-cache-4.0.3-sources.jar
2026-03-03 16:58:42,392 [Worker-2: Download sources and javadoc] INFO  o.e.m.j.internal.DownloadSourcesJob - Downloaded sources for org.springframework.boot:spring-boot-starter-cache:4.0.3
2026-03-03 16:58:42,489 [Worker-12: Building] INFO  o.a.m.s.f.DefaultMavenResourcesFiltering - Copying 1 resource from src/main/resources to target/classes
2026-03-03 16:58:42,503 [Worker-12: Building] INFO  o.a.m.s.f.DefaultMavenResourcesFiltering - Copying 0 resource from src/main/resources to target/classes
2026-03-03 16:58:42,506 [Worker-12: Building] INFO  o.a.m.s.f.DefaultMavenResourcesFiltering - skip non existing resourceDirectory /Users/pankajkumar/Desktop/drive/project/WonderVerse/wonderverse-backend/src/test/resources
2026-03-03 16:58:42,639 [Worker-2: Download sources and javadoc] INFO  o.e.m.c.i.e.AbstractTransferListenerAdapter - Downloading https://repo.maven.apache.org/maven2/org/springframework/boot/spring-boot-cache/4.0.3/spring-boot-cache-4.0.3-sources.jar
2026-03-03 16:58:42,663 [Worker-12: Building] WARN  o.apache.maven.project.MavenProject - Direct modification of compileSourceRoots through clear() is deprecated and will not work in Maven 4.0.0. Please use the add/remove methods instead. If you're using a plugin that causes this warning, please upgrade to the latest version and report an issue if the warning persists. To disable these warnings, set -Dmaven.project.sourceRoots.warningsDisabled=true on the command line, in the .mvn/maven.config file, or in project POM properties.
2026-03-03 16:58:42,664 [Worker-12: Building] WARN  o.apache.maven.project.MavenProject - Direct modification of compileSourceRoots through add() is deprecated and will not work in Maven 4.0.0. Please use the add/remove methods instead. If you're using a plugin that causes this warning, please upgrade to the latest version and report an issue if the warning persists. To disable these warnings, set -Dmaven.project.sourceRoots.warningsDisabled=true on the command line, in the .mvn/maven.config file, or in project POM properties.
2026-03-03 16:58:42,664 [Worker-12: Building] WARN  o.apache.maven.project.MavenProject - Direct modification of testCompileSourceRoots through clear() is deprecated and will not work in Maven 4.0.0. Please use the add/remove methods instead. If you're using a plugin that causes this warning, please upgrade to the latest version and report an issue if the warning persists. To disable these warnings, set -Dmaven.project.sourceRoots.warningsDisabled=true on the command line, in the .mvn/maven.config file, or in project POM properties.
2026-03-03 16:58:42,664 [Worker-12: Building] WARN  o.apache.maven.project.MavenProject - Direct modification of testCompileSourceRoots through add() is deprecated and will not work in Maven 4.0.0. Please use the add/remove methods instead. If you're using a plugin that causes this warning, please upgrade to the latest version and report an issue if the warning persists. To disable these warnings, set -Dmaven.project.sourceRoots.warningsDisabled=true on the command line, in the .mvn/maven.config file, or in project POM properties.
2026-03-03 16:58:42,727 [Worker-2: Download sources and javadoc] INFO  o.e.m.c.i.e.AbstractTransferListenerAdapter - Downloaded https://repo.maven.apache.org/maven2/org/springframework/boot/spring-boot-cache/4.0.3/spring-boot-cache-4.0.3-sources.jar
2026-03-03 16:58:42,729 [Worker-2: Download sources and javadoc] INFO  o.e.m.j.internal.DownloadSourcesJob - Downloaded sources for org.springframework.boot:spring-boot-cache:4.0.3
2026-03-03 16:58:43,425 [Worker-2: Download sources and javadoc] INFO  o.e.m.c.i.e.AbstractTransferListenerAdapter - Downloading https://repo.maven.apache.org/maven2/org/springframework/spring-context-support/7.0.5/spring-context-support-7.0.5-sources.jar
2026-03-03 16:58:43,726 [Worker-2: Download sources and javadoc] INFO  o.e.m.c.i.e.AbstractTransferListenerAdapter - Downloaded https://repo.maven.apache.org/maven2/org/springframework/spring-context-support/7.0.5/spring-context-support-7.0.5-sources.jar
2026-03-03 16:58:43,727 [Worker-2: Download sources and javadoc] INFO  o.e.m.j.internal.DownloadSourcesJob - Downloaded sources for org.springframework:spring-context-support:7.0.5
2026-03-03 16:58:44,164 [Worker-2: Download sources and javadoc] INFO  o.e.m.c.i.e.AbstractTransferListenerAdapter - Downloading https://repo.maven.apache.org/maven2/org/springframework/boot/spring-boot-starter-mail/4.0.3/spring-boot-starter-mail-4.0.3-sources.jar
2026-03-03 16:58:44,166 [Worker-2: Download sources and javadoc] INFO  o.e.m.c.i.e.AbstractTransferListenerAdapter - Downloaded https://repo.maven.apache.org/maven2/org/springframework/boot/spring-boot-starter-mail/4.0.3/spring-boot-starter-mail-4.0.3-sources.jar
2026-03-03 16:58:44,170 [Worker-2: Download sources and javadoc] INFO  o.e.m.j.internal.DownloadSourcesJob - Downloaded sources for org.springframework.boot:spring-boot-starter-mail:4.0.3
2026-03-03 16:58:44,894 [Worker-2: Download sources and javadoc] INFO  o.e.m.c.i.e.AbstractTransferListenerAdapter - Downloading https://repo.maven.apache.org/maven2/org/springframework/boot/spring-boot-mail/4.0.3/spring-boot-mail-4.0.3-sources.jar
2026-03-03 16:58:44,921 [Worker-2: Download sources and javadoc] INFO  o.e.m.c.i.e.AbstractTransferListenerAdapter - Downloaded https://repo.maven.apache.org/maven2/org/springframework/boot/spring-boot-mail/4.0.3/spring-boot-mail-4.0.3-sources.jar
2026-03-03 16:58:44,922 [Worker-2: Download sources and javadoc] INFO  o.e.m.j.internal.DownloadSourcesJob - Downloaded sources for org.springframework.boot:spring-boot-mail:4.0.3
2026-03-03 16:58:45,205 [Worker-2: Download sources and javadoc] INFO  o.e.m.c.i.e.AbstractTransferListenerAdapter - Downloading https://repo.maven.apache.org/maven2/jakarta/mail/jakarta.mail-api/2.1.5/jakarta.mail-api-2.1.5-sources.jar
2026-03-03 16:58:45,329 [Worker-2: Download sources and javadoc] INFO  o.e.m.c.i.e.AbstractTransferListenerAdapter - Downloaded https://repo.maven.apache.org/maven2/jakarta/mail/jakarta.mail-api/2.1.5/jakarta.mail-api-2.1.5-sources.jar
2026-03-03 16:58:45,331 [Worker-2: Download sources and javadoc] INFO  o.e.m.j.internal.DownloadSourcesJob - Downloaded sources for jakarta.mail:jakarta.mail-api:2.1.5
2026-03-03 16:58:46,191 [Worker-2: Download sources and javadoc] INFO  o.e.m.c.i.e.AbstractTransferListenerAdapter - Downloading https://repo.maven.apache.org/maven2/org/eclipse/angus/angus-mail/2.0.5/angus-mail-2.0.5-sources.jar
2026-03-03 16:58:46,496 [Worker-2: Download sources and javadoc] INFO  o.e.m.c.i.e.AbstractTransferListenerAdapter - Downloaded https://repo.maven.apache.org/maven2/org/eclipse/angus/angus-mail/2.0.5/angus-mail-2.0.5-sources.jar
2026-03-03 16:58:46,498 [Worker-2: Download sources and javadoc] INFO  o.e.m.j.internal.DownloadSourcesJob - Downloaded sources for org.eclipse.angus:angus-mail:2.0.5
2026-03-03 16:58:46,838 [Worker-2: Download sources and javadoc] INFO  o.e.m.c.i.e.AbstractTransferListenerAdapter - Downloading https://repo.maven.apache.org/maven2/org/springframework/boot/spring-boot-devtools/4.0.3/spring-boot-devtools-4.0.3-sources.jar
2026-03-03 16:58:46,969 [Worker-2: Download sources and javadoc] INFO  o.e.m.c.i.e.AbstractTransferListenerAdapter - Downloaded https://repo.maven.apache.org/maven2/org/springframework/boot/spring-boot-devtools/4.0.3/spring-boot-devtools-4.0.3-sources.jar
2026-03-03 16:58:46,971 [Worker-2: Download sources and javadoc] INFO  o.e.m.j.internal.DownloadSourcesJob - Downloaded sources for org.springframework.boot:spring-boot-devtools:4.0.3
2026-03-03 16:58:47,706 [Worker-2: Download sources and javadoc] INFO  o.e.m.c.i.e.AbstractTransferListenerAdapter - Downloading https://repo.maven.apache.org/maven2/org/springframework/boot/spring-boot-starter-cache-test/4.0.3/spring-boot-starter-cache-test-4.0.3-sources.jar
2026-03-03 16:58:47,709 [Worker-2: Download sources and javadoc] INFO  o.e.m.c.i.e.AbstractTransferListenerAdapter - Downloaded https://repo.maven.apache.org/maven2/org/springframework/boot/spring-boot-starter-cache-test/4.0.3/spring-boot-starter-cache-test-4.0.3-sources.jar
2026-03-03 16:58:47,711 [Worker-2: Download sources and javadoc] INFO  o.e.m.j.internal.DownloadSourcesJob - Downloaded sources for org.springframework.boot:spring-boot-starter-cache-test:4.0.3
2026-03-03 16:58:48,074 [Worker-2: Download sources and javadoc] INFO  o.e.m.c.i.e.AbstractTransferListenerAdapter - Downloading https://repo.maven.apache.org/maven2/org/springframework/boot/spring-boot-cache-test/4.0.3/spring-boot-cache-test-4.0.3-sources.jar
2026-03-03 16:58:48,078 [Worker-2: Download sources and javadoc] INFO  o.e.m.c.i.e.AbstractTransferListenerAdapter - Downloaded https://repo.maven.apache.org/maven2/org/springframework/boot/spring-boot-cache-test/4.0.3/spring-boot-cache-test-4.0.3-sources.jar
2026-03-03 16:58:48,080 [Worker-2: Download sources and javadoc] INFO  o.e.m.j.internal.DownloadSourcesJob - Downloaded sources for org.springframework.boot:spring-boot-cache-test:4.0.3
2026-03-03 16:58:48,369 [Worker-2: Download sources and javadoc] INFO  o.e.m.c.i.e.AbstractTransferListenerAdapter - Downloading https://repo.maven.apache.org/maven2/org/springframework/boot/spring-boot-starter-mail-test/4.0.3/spring-boot-starter-mail-test-4.0.3-sources.jar
2026-03-03 16:58:48,380 [Worker-2: Download sources and javadoc] INFO  o.e.m.c.i.e.AbstractTransferListenerAdapter - Downloaded https://repo.maven.apache.org/maven2/org/springframework/boot/spring-boot-starter-mail-test/4.0.3/spring-boot-starter-mail-test-4.0.3-sources.jar
2026-03-03 16:58:48,382 [Worker-2: Download sources and javadoc] INFO  o.e.m.j.internal.DownloadSourcesJob - Downloaded sources for org.springframework.boot:spring-boot-starter-mail-test:4.0.3
2026-03-03 17:04:20,599 [main] INFO  o.e.m2e.actions.ExecutePomAction - Creating new launch configuration
2026-03-03 17:04:37,135 [Worker-3: Launching wonderverse-backend] INFO  o.eclipse.m2e.core.internal.Bundles - getClasspathEntries(Bundle=org.eclipse.m2e.maven.runtime_3.9.1101.20251020-1549 [646])
2026-03-03 17:04:37,136 [Worker-3: Launching wonderverse-backend] INFO  o.eclipse.m2e.core.internal.Bundles - 	Entry: /Users/pankajkumar/.p2/pool/plugins/org.eclipse.m2e.maven.runtime_3.9.1101.20251020-1549
2026-03-03 17:04:37,136 [Worker-3: Launching wonderverse-backend] INFO  o.eclipse.m2e.core.internal.Bundles - 	Entry: /Users/pankajkumar/.p2/pool/plugins/org.eclipse.m2e.maven.runtime_3.9.1101.20251020-1549/jars/aopalliance-1.0.jar
2026-03-03 17:04:37,136 [Worker-3: Launching wonderverse-backend] INFO  o.eclipse.m2e.core.internal.Bundles - 	Entry: /Users/pankajkumar/.p2/pool/plugins/org.eclipse.m2e.maven.runtime_3.9.1101.20251020-1549/jars/asm-9.8.jar
2026-03-03 17:04:37,136 [Worker-3: Launching wonderverse-backend] INFO  o.eclipse.m2e.core.internal.Bundles - 	Entry: /Users/pankajkumar/.p2/pool/plugins/org.eclipse.m2e.maven.runtime_3.9.1101.20251020-1549/jars/error_prone_annotations-2.38.0.jar
2026-03-03 17:04:37,136 [Worker-3: Launching wonderverse-backend] INFO  o.eclipse.m2e.core.internal.Bundles - 	Entry: /Users/pankajkumar/.p2/pool/plugins/org.eclipse.m2e.maven.runtime_3.9.1101.20251020-1549/jars/gson-2.13.1.jar
2026-03-03 17:04:37,136 [Worker-3: Launching wonderverse-backend] INFO  o.eclipse.m2e.core.internal.Bundles - 	Entry: /Users/pankajkumar/.p2/pool/plugins/org.eclipse.m2e.maven.runtime_3.9.1101.20251020-1549/jars/guice-5.1.0-classes.jar
2026-03-03 17:04:37,137 [Worker-3: Launching wonderverse-backend] INFO  o.eclipse.m2e.core.internal.Bundles - 	Entry: /Users/pankajkumar/.p2/pool/plugins/org.eclipse.m2e.maven.runtime_3.9.1101.20251020-1549/jars/httpclient-4.5.14.jar
2026-03-03 17:04:37,137 [Worker-3: Launching wonderverse-backend] INFO  o.eclipse.m2e.core.internal.Bundles - 	Entry: /Users/pankajkumar/.p2/pool/plugins/org.eclipse.m2e.maven.runtime_3.9.1101.20251020-1549/jars/httpcore-4.4.16.jar
2026-03-03 17:04:37,137 [Worker-3: Launching wonderverse-backend] INFO  o.eclipse.m2e.core.internal.Bundles - 	Entry: /Users/pankajkumar/.p2/pool/plugins/org.eclipse.m2e.maven.runtime_3.9.1101.20251020-1549/jars/jansi-2.4.2.jar
2026-03-03 17:04:37,137 [Worker-3: Launching wonderverse-backend] INFO  o.eclipse.m2e.core.internal.Bundles - 	Entry: /Users/pankajkumar/.p2/pool/plugins/org.eclipse.m2e.maven.runtime_3.9.1101.20251020-1549/jars/jcl-over-slf4j-1.7.36.jar
2026-03-03 17:04:37,137 [Worker-3: Launching wonderverse-backend] INFO  o.eclipse.m2e.core.internal.Bundles - 	Entry: /Users/pankajkumar/.p2/pool/plugins/org.eclipse.m2e.maven.runtime_3.9.1101.20251020-1549/jars/maven-artifact-3.9.11.jar
2026-03-03 17:04:37,137 [Worker-3: Launching wonderverse-backend] INFO  o.eclipse.m2e.core.internal.Bundles - 	Entry: /Users/pankajkumar/.p2/pool/plugins/org.eclipse.m2e.maven.runtime_3.9.1101.20251020-1549/jars/maven-builder-support-3.9.11.jar
2026-03-03 17:04:37,137 [Worker-3: Launching wonderverse-backend] INFO  o.eclipse.m2e.core.internal.Bundles - 	Entry: /Users/pankajkumar/.p2/pool/plugins/org.eclipse.m2e.maven.runtime_3.9.1101.20251020-1549/jars/maven-compat-3.9.11.jar
2026-03-03 17:04:37,137 [Worker-3: Launching wonderverse-backend] INFO  o.eclipse.m2e.core.internal.Bundles - 	Entry: /Users/pankajkumar/.p2/pool/plugins/org.eclipse.m2e.maven.runtime_3.9.1101.20251020-1549/jars/maven-core-3.9.11.jar
2026-03-03 17:04:37,137 [Worker-3: Launching wonderverse-backend] INFO  o.eclipse.m2e.core.internal.Bundles - 	Entry: /Users/pankajkumar/.p2/pool/plugins/org.eclipse.m2e.maven.runtime_3.9.1101.20251020-1549/jars/maven-embedder-3.9.11.jar
2026-03-03 17:04:37,137 [Worker-3: Launching wonderverse-backend] INFO  o.eclipse.m2e.core.internal.Bundles - 	Entry: /Users/pankajkumar/.p2/pool/plugins/org.eclipse.m2e.maven.runtime_3.9.1101.20251020-1549/jars/maven-model-3.9.11.jar
2026-03-03 17:04:37,137 [Worker-3: Launching wonderverse-backend] INFO  o.eclipse.m2e.core.internal.Bundles - 	Entry: /Users/pankajkumar/.p2/pool/plugins/org.eclipse.m2e.maven.runtime_3.9.1101.20251020-1549/jars/maven-model-builder-3.9.11.jar
2026-03-03 17:04:37,137 [Worker-3: Launching wonderverse-backend] INFO  o.eclipse.m2e.core.internal.Bundles - 	Entry: /Users/pankajkumar/.p2/pool/plugins/org.eclipse.m2e.maven.runtime_3.9.1101.20251020-1549/jars/maven-plugin-api-3.9.11.jar
2026-03-03 17:04:37,137 [Worker-3: Launching wonderverse-backend] INFO  o.eclipse.m2e.core.internal.Bundles - 	Entry: /Users/pankajkumar/.p2/pool/plugins/org.eclipse.m2e.maven.runtime_3.9.1101.20251020-1549/jars/maven-repository-metadata-3.9.11.jar
2026-03-03 17:04:37,137 [Worker-3: Launching wonderverse-backend] INFO  o.eclipse.m2e.core.internal.Bundles - 	Entry: /Users/pankajkumar/.p2/pool/plugins/org.eclipse.m2e.maven.runtime_3.9.1101.20251020-1549/jars/maven-resolver-api-1.9.24.jar
2026-03-03 17:04:37,137 [Worker-3: Launching wonderverse-backend] INFO  o.eclipse.m2e.core.internal.Bundles - 	Entry: /Users/pankajkumar/.p2/pool/plugins/org.eclipse.m2e.maven.runtime_3.9.1101.20251020-1549/jars/maven-resolver-connector-basic-1.9.24.jar
2026-03-03 17:04:37,137 [Worker-3: Launching wonderverse-backend] INFO  o.eclipse.m2e.core.internal.Bundles - 	Entry: /Users/pankajkumar/.p2/pool/plugins/org.eclipse.m2e.maven.runtime_3.9.1101.20251020-1549/jars/maven-resolver-impl-1.9.24.jar
2026-03-03 17:04:37,137 [Worker-3: Launching wonderverse-backend] INFO  o.eclipse.m2e.core.internal.Bundles - 	Entry: /Users/pankajkumar/.p2/pool/plugins/org.eclipse.m2e.maven.runtime_3.9.1101.20251020-1549/jars/maven-resolver-named-locks-1.9.24.jar
2026-03-03 17:04:37,138 [Worker-3: Launching wonderverse-backend] INFO  o.eclipse.m2e.core.internal.Bundles - 	Entry: /Users/pankajkumar/.p2/pool/plugins/org.eclipse.m2e.maven.runtime_3.9.1101.20251020-1549/jars/maven-resolver-provider-3.9.11.jar
2026-03-03 17:04:37,138 [Worker-3: Launching wonderverse-backend] INFO  o.eclipse.m2e.core.internal.Bundles - 	Entry: /Users/pankajkumar/.p2/pool/plugins/org.eclipse.m2e.maven.runtime_3.9.1101.20251020-1549/jars/maven-resolver-spi-1.9.24.jar
2026-03-03 17:04:37,138 [Worker-3: Launching wonderverse-backend] INFO  o.eclipse.m2e.core.internal.Bundles - 	Entry: /Users/pankajkumar/.p2/pool/plugins/org.eclipse.m2e.maven.runtime_3.9.1101.20251020-1549/jars/maven-resolver-transport-file-1.9.24.jar
2026-03-03 17:04:37,138 [Worker-3: Launching wonderverse-backend] INFO  o.eclipse.m2e.core.internal.Bundles - 	Entry: /Users/pankajkumar/.p2/pool/plugins/org.eclipse.m2e.maven.runtime_3.9.1101.20251020-1549/jars/maven-resolver-transport-http-1.9.24.jar
2026-03-03 17:04:37,138 [Worker-3: Launching wonderverse-backend] INFO  o.eclipse.m2e.core.internal.Bundles - 	Entry: /Users/pankajkumar/.p2/pool/plugins/org.eclipse.m2e.maven.runtime_3.9.1101.20251020-1549/jars/maven-resolver-transport-wagon-1.9.24.jar
2026-03-03 17:04:37,138 [Worker-3: Launching wonderverse-backend] INFO  o.eclipse.m2e.core.internal.Bundles - 	Entry: /Users/pankajkumar/.p2/pool/plugins/org.eclipse.m2e.maven.runtime_3.9.1101.20251020-1549/jars/maven-resolver-util-1.9.24.jar
2026-03-03 17:04:37,138 [Worker-3: Launching wonderverse-backend] INFO  o.eclipse.m2e.core.internal.Bundles - 	Entry: /Users/pankajkumar/.p2/pool/plugins/org.eclipse.m2e.maven.runtime_3.9.1101.20251020-1549/jars/maven-settings-3.9.11.jar
2026-03-03 17:04:37,138 [Worker-3: Launching wonderverse-backend] INFO  o.eclipse.m2e.core.internal.Bundles - 	Entry: /Users/pankajkumar/.p2/pool/plugins/org.eclipse.m2e.maven.runtime_3.9.1101.20251020-1549/jars/maven-settings-builder-3.9.11.jar
2026-03-03 17:04:37,138 [Worker-3: Launching wonderverse-backend] INFO  o.eclipse.m2e.core.internal.Bundles - 	Entry: /Users/pankajkumar/.p2/pool/plugins/org.eclipse.m2e.maven.runtime_3.9.1101.20251020-1549/jars/maven-shared-utils-3.4.2.jar
2026-03-03 17:04:37,138 [Worker-3: Launching wonderverse-backend] INFO  o.eclipse.m2e.core.internal.Bundles - 	Entry: /Users/pankajkumar/.p2/pool/plugins/org.eclipse.m2e.maven.runtime_3.9.1101.20251020-1549/jars/org.eclipse.sisu.inject-0.9.0.M4.jar
2026-03-03 17:04:37,138 [Worker-3: Launching wonderverse-backend] INFO  o.eclipse.m2e.core.internal.Bundles - 	Entry: /Users/pankajkumar/.p2/pool/plugins/org.eclipse.m2e.maven.runtime_3.9.1101.20251020-1549/jars/org.eclipse.sisu.plexus-0.9.0.M4.jar
2026-03-03 17:04:37,139 [Worker-3: Launching wonderverse-backend] INFO  o.eclipse.m2e.core.internal.Bundles - 	Entry: /Users/pankajkumar/.p2/pool/plugins/org.eclipse.m2e.maven.runtime_3.9.1101.20251020-1549/jars/plexus-build-api-0.0.7.jar
2026-03-03 17:04:37,139 [Worker-3: Launching wonderverse-backend] INFO  o.eclipse.m2e.core.internal.Bundles - 	Entry: /Users/pankajkumar/.p2/pool/plugins/org.eclipse.m2e.maven.runtime_3.9.1101.20251020-1549/jars/plexus-build-api-1.2.0.jar
2026-03-03 17:04:37,139 [Worker-3: Launching wonderverse-backend] INFO  o.eclipse.m2e.core.internal.Bundles - 	Entry: /Users/pankajkumar/.p2/pool/plugins/org.eclipse.m2e.maven.runtime_3.9.1101.20251020-1549/jars/plexus-cipher-2.0.jar
2026-03-03 17:04:37,139 [Worker-3: Launching wonderverse-backend] INFO  o.eclipse.m2e.core.internal.Bundles - 	Entry: /Users/pankajkumar/.p2/pool/plugins/org.eclipse.m2e.maven.runtime_3.9.1101.20251020-1549/jars/plexus-classworlds-2.9.0.jar
2026-03-03 17:04:37,139 [Worker-3: Launching wonderverse-backend] INFO  o.eclipse.m2e.core.internal.Bundles - 	Entry: /Users/pankajkumar/.p2/pool/plugins/org.eclipse.m2e.maven.runtime_3.9.1101.20251020-1549/jars/plexus-component-annotations-2.2.0.jar
2026-03-03 17:04:37,139 [Worker-3: Launching wonderverse-backend] INFO  o.eclipse.m2e.core.internal.Bundles - 	Entry: /Users/pankajkumar/.p2/pool/plugins/org.eclipse.m2e.maven.runtime_3.9.1101.20251020-1549/jars/plexus-interpolation-1.28.jar
2026-03-03 17:04:37,139 [Worker-3: Launching wonderverse-backend] INFO  o.eclipse.m2e.core.internal.Bundles - 	Entry: /Users/pankajkumar/.p2/pool/plugins/org.eclipse.m2e.maven.runtime_3.9.1101.20251020-1549/jars/plexus-sec-dispatcher-2.0.jar
2026-03-03 17:04:37,139 [Worker-3: Launching wonderverse-backend] INFO  o.eclipse.m2e.core.internal.Bundles - 	Entry: /Users/pankajkumar/.p2/pool/plugins/org.eclipse.m2e.maven.runtime_3.9.1101.20251020-1549/jars/plexus-utils-3.6.0.jar
2026-03-03 17:04:37,139 [Worker-3: Launching wonderverse-backend] INFO  o.eclipse.m2e.core.internal.Bundles - 	Entry: /Users/pankajkumar/.p2/pool/plugins/org.eclipse.m2e.maven.runtime_3.9.1101.20251020-1549/jars/wagon-file-3.5.3.jar
2026-03-03 17:04:37,139 [Worker-3: Launching wonderverse-backend] INFO  o.eclipse.m2e.core.internal.Bundles - 	Entry: /Users/pankajkumar/.p2/pool/plugins/org.eclipse.m2e.maven.runtime_3.9.1101.20251020-1549/jars/wagon-http-3.5.3.jar
2026-03-03 17:04:37,139 [Worker-3: Launching wonderverse-backend] INFO  o.eclipse.m2e.core.internal.Bundles - 	Entry: /Users/pankajkumar/.p2/pool/plugins/org.eclipse.m2e.maven.runtime_3.9.1101.20251020-1549/jars/wagon-http-shared-3.5.3.jar
2026-03-03 17:04:37,139 [Worker-3: Launching wonderverse-backend] INFO  o.eclipse.m2e.core.internal.Bundles - 	Entry: /Users/pankajkumar/.p2/pool/plugins/org.eclipse.m2e.maven.runtime_3.9.1101.20251020-1549/jars/wagon-provider-api-3.5.3.jar
2026-03-03 17:04:37,140 [Worker-3: Launching wonderverse-backend] INFO  o.eclipse.m2e.core.internal.Bundles - getClasspathEntries(Bundle=com.google.guava_33.5.0.jre [18])
2026-03-03 17:04:37,140 [Worker-3: Launching wonderverse-backend] INFO  o.eclipse.m2e.core.internal.Bundles - 	Entry: /Users/pankajkumar/.p2/pool/plugins/com.google.guava_33.5.0.jre.jar
2026-03-03 17:04:37,140 [Worker-3: Launching wonderverse-backend] INFO  o.eclipse.m2e.core.internal.Bundles - getClasspathEntries(Bundle=slf4j.api_2.0.17 [1011])
2026-03-03 17:04:37,140 [Worker-3: Launching wonderverse-backend] INFO  o.eclipse.m2e.core.internal.Bundles - 	Entry: /Users/pankajkumar/.p2/pool/plugins/slf4j.api_2.0.17.jar
2026-03-03 17:04:37,140 [Worker-3: Launching wonderverse-backend] INFO  o.eclipse.m2e.core.internal.Bundles - getClasspathEntries(Bundle=jakarta.inject.jakarta.inject-api_1.0.5 [35])
2026-03-03 17:04:37,141 [Worker-3: Launching wonderverse-backend] INFO  o.eclipse.m2e.core.internal.Bundles - 	Entry: /Users/pankajkumar/.p2/pool/plugins/jakarta.inject.jakarta.inject-api_1.0.5.jar
2026-03-03 17:04:37,141 [Worker-3: Launching wonderverse-backend] INFO  o.eclipse.m2e.core.internal.Bundles - getClasspathEntries(Bundle=jakarta.annotation-api_1.3.5 [31])
2026-03-03 17:04:37,143 [Worker-3: Launching wonderverse-backend] INFO  o.eclipse.m2e.core.internal.Bundles - 	Entry: /Users/pankajkumar/.p2/pool/plugins/jakarta.annotation-api_1.3.5.jar
2026-03-03 17:04:37,143 [Worker-3: Launching wonderverse-backend] INFO  o.eclipse.m2e.core.internal.Bundles - getClasspathEntries(Bundle=org.apache.commons.cli_1.11.0 [82])
2026-03-03 17:04:37,143 [Worker-3: Launching wonderverse-backend] INFO  o.eclipse.m2e.core.internal.Bundles - 	Entry: /Users/pankajkumar/.p2/pool/plugins/org.apache.commons.cli_1.11.0.jar
2026-03-03 17:04:37,143 [Worker-3: Launching wonderverse-backend] INFO  o.eclipse.m2e.core.internal.Bundles - getClasspathEntries(Bundle=org.apache.commons.commons-codec_1.20.0 [84])
2026-03-03 17:04:37,143 [Worker-3: Launching wonderverse-backend] INFO  o.eclipse.m2e.core.internal.Bundles - 	Entry: /Users/pankajkumar/.p2/pool/plugins/org.apache.commons.commons-codec_1.20.0.jar
2026-03-03 17:04:37,143 [Worker-3: Launching wonderverse-backend] INFO  o.eclipse.m2e.core.internal.Bundles - getClasspathEntries(Bundle=com.google.guava.failureaccess_1.0.3 [19])
2026-03-03 17:04:37,144 [Worker-3: Launching wonderverse-backend] INFO  o.eclipse.m2e.core.internal.Bundles - 	Entry: /Users/pankajkumar/.p2/pool/plugins/com.google.guava.failureaccess_1.0.3.jar
2026-03-03 17:04:37,145 [Worker-3: Launching wonderverse-backend] INFO  o.e.m.i.launch.MavenLaunchDelegate - Run build in "/Users/pankajkumar/Desktop/drive/project/WonderVerse/wonderverse-backend":
2026-03-03 17:04:37,148 [Worker-3: Launching wonderverse-backend] INFO  o.e.m.i.launch.MavenLaunchDelegate -  mvn  -B -Dstyle.color=always spring-boot:run
2026-03-03 17:06:35,965 [Worker-27: Building] INFO  o.a.m.s.f.DefaultMavenResourcesFiltering - Copying 1 resource from src/main/resources to target/classes
2026-03-03 17:06:35,972 [Worker-27: Building] INFO  o.a.m.s.f.DefaultMavenResourcesFiltering - Copying 0 resource from src/main/resources to target/classes
2026-03-03 17:06:35,974 [Worker-27: Building] INFO  o.a.m.s.f.DefaultMavenResourcesFiltering - skip non existing resourceDirectory /Users/pankajkumar/Desktop/drive/project/WonderVerse/wonderverse-backend/src/test/resources
2026-03-03 17:06:35,975 [Worker-27: Building] WARN  o.apache.maven.project.MavenProject - Direct modification of compileSourceRoots through clear() is deprecated and will not work in Maven 4.0.0. Please use the add/remove methods instead. If you're using a plugin that causes this warning, please upgrade to the latest version and report an issue if the warning persists. To disable these warnings, set -Dmaven.project.sourceRoots.warningsDisabled=true on the command line, in the .mvn/maven.config file, or in project POM properties.
2026-03-03 17:06:35,976 [Worker-27: Building] WARN  o.apache.maven.project.MavenProject - Direct modification of compileSourceRoots through add() is deprecated and will not work in Maven 4.0.0. Please use the add/remove methods instead. If you're using a plugin that causes this warning, please upgrade to the latest version and report an issue if the warning persists. To disable these warnings, set -Dmaven.project.sourceRoots.warningsDisabled=true on the command line, in the .mvn/maven.config file, or in project POM properties.
2026-03-03 17:06:35,976 [Worker-27: Building] WARN  o.apache.maven.project.MavenProject - Direct modification of testCompileSourceRoots through clear() is deprecated and will not work in Maven 4.0.0. Please use the add/remove methods instead. If you're using a plugin that causes this warning, please upgrade to the latest version and report an issue if the warning persists. To disable these warnings, set -Dmaven.project.sourceRoots.warningsDisabled=true on the command line, in the .mvn/maven.config file, or in project POM properties.
2026-03-03 17:06:35,977 [Worker-27: Building] WARN  o.apache.maven.project.MavenProject - Direct modification of testCompileSourceRoots through add() is deprecated and will not work in Maven 4.0.0. Please use the add/remove methods instead. If you're using a plugin that causes this warning, please upgrade to the latest version and report an issue if the warning persists. To disable these warnings, set -Dmaven.project.sourceRoots.warningsDisabled=true on the command line, in the .mvn/maven.config file, or in project POM properties.
2026-03-03 17:07:40,211 [Worker-30: Building] INFO  o.a.m.s.f.DefaultMavenResourcesFiltering - Copying 1 resource from src/main/resources to target/classes
2026-03-03 17:07:40,219 [Worker-30: Building] INFO  o.a.m.s.f.DefaultMavenResourcesFiltering - Copying 0 resource from src/main/resources to target/classes
2026-03-03 17:07:40,221 [Worker-30: Building] INFO  o.a.m.s.f.DefaultMavenResourcesFiltering - skip non existing resourceDirectory /Users/pankajkumar/Desktop/drive/project/WonderVerse/wonderverse-backend/src/test/resources
2026-03-03 17:07:40,221 [Worker-30: Building] WARN  o.apache.maven.project.MavenProject - Direct modification of compileSourceRoots through clear() is deprecated and will not work in Maven 4.0.0. Please use the add/remove methods instead. If you're using a plugin that causes this warning, please upgrade to the latest version and report an issue if the warning persists. To disable these warnings, set -Dmaven.project.sourceRoots.warningsDisabled=true on the command line, in the .mvn/maven.config file, or in project POM properties.
2026-03-03 17:07:40,222 [Worker-30: Building] WARN  o.apache.maven.project.MavenProject - Direct modification of compileSourceRoots through add() is deprecated and will not work in Maven 4.0.0. Please use the add/remove methods instead. If you're using a plugin that causes this warning, please upgrade to the latest version and report an issue if the warning persists. To disable these warnings, set -Dmaven.project.sourceRoots.warningsDisabled=true on the command line, in the .mvn/maven.config file, or in project POM properties.
2026-03-03 17:07:40,222 [Worker-30: Building] WARN  o.apache.maven.project.MavenProject - Direct modification of testCompileSourceRoots through clear() is deprecated and will not work in Maven 4.0.0. Please use the add/remove methods instead. If you're using a plugin that causes this warning, please upgrade to the latest version and report an issue if the warning persists. To disable these warnings, set -Dmaven.project.sourceRoots.warningsDisabled=true on the command line, in the .mvn/maven.config file, or in project POM properties.
2026-03-03 17:07:40,223 [Worker-30: Building] WARN  o.apache.maven.project.MavenProject - Direct modification of testCompileSourceRoots through add() is deprecated and will not work in Maven 4.0.0. Please use the add/remove methods instead. If you're using a plugin that causes this warning, please upgrade to the latest version and report an issue if the warning persists. To disable these warnings, set -Dmaven.project.sourceRoots.warningsDisabled=true on the command line, in the .mvn/maven.config file, or in project POM properties.
2026-03-03 17:07:56,011 [Worker-27: Updating Maven Project] INFO  o.e.m.c.i.p.ProjectConfigurationManager - Update started
2026-03-03 17:07:56,191 [Worker-27: Updating Maven Project] INFO  o.e.m.c.i.l.LifecycleMappingFactory - Using org.eclipse.m2e.jdt.JarLifecycleMapping lifecycle mapping for MavenProject: com.wonderverse:wonderverse-backend:0.0.1-SNAPSHOT @ /Users/pankajkumar/Desktop/drive/project/WonderVerse/wonderverse-backend/pom.xml.
2026-03-03 17:07:56,565 [Worker-27: Updating Maven Project] INFO  o.e.m.j.i.AbstractJavaProjectConfigurator - Adding source folder /wonderverse-backend/src/main/java
2026-03-03 17:07:56,565 [Worker-27: Updating Maven Project] INFO  o.e.m.j.i.AbstractJavaProjectConfigurator - Adding resource folder /wonderverse-backend/src/main/resources
2026-03-03 17:07:56,565 [Worker-27: Updating Maven Project] INFO  o.e.m.j.i.AbstractJavaProjectConfigurator - Adding resource folder /wonderverse-backend/src/main/resources
2026-03-03 17:07:56,566 [Worker-27: Updating Maven Project] INFO  o.e.m.j.i.AbstractJavaProjectConfigurator - Adding source folder /wonderverse-backend/src/test/java
2026-03-03 17:07:56,566 [Worker-27: Updating Maven Project] INFO  o.e.m.j.i.AbstractJavaProjectConfigurator - Adding resource folder /wonderverse-backend/src/test/resources
2026-03-03 17:07:56,618 [Worker-27: Updating Maven Project] WARN  o.apache.maven.project.MavenProject - Direct modification of compileSourceRoots through clear() is deprecated and will not work in Maven 4.0.0. Please use the add/remove methods instead. If you're using a plugin that causes this warning, please upgrade to the latest version and report an issue if the warning persists. To disable these warnings, set -Dmaven.project.sourceRoots.warningsDisabled=true on the command line, in the .mvn/maven.config file, or in project POM properties.
2026-03-03 17:07:56,618 [Worker-27: Updating Maven Project] WARN  o.apache.maven.project.MavenProject - Direct modification of compileSourceRoots through add() is deprecated and will not work in Maven 4.0.0. Please use the add/remove methods instead. If you're using a plugin that causes this warning, please upgrade to the latest version and report an issue if the warning persists. To disable these warnings, set -Dmaven.project.sourceRoots.warningsDisabled=true on the command line, in the .mvn/maven.config file, or in project POM properties.
2026-03-03 17:07:56,619 [Worker-27: Updating Maven Project] WARN  o.apache.maven.project.MavenProject - Direct modification of testCompileSourceRoots through clear() is deprecated and will not work in Maven 4.0.0. Please use the add/remove methods instead. If you're using a plugin that causes this warning, please upgrade to the latest version and report an issue if the warning persists. To disable these warnings, set -Dmaven.project.sourceRoots.warningsDisabled=true on the command line, in the .mvn/maven.config file, or in project POM properties.
2026-03-03 17:07:56,619 [Worker-27: Updating Maven Project] WARN  o.apache.maven.project.MavenProject - Direct modification of testCompileSourceRoots through add() is deprecated and will not work in Maven 4.0.0. Please use the add/remove methods instead. If you're using a plugin that causes this warning, please upgrade to the latest version and report an issue if the warning persists. To disable these warnings, set -Dmaven.project.sourceRoots.warningsDisabled=true on the command line, in the .mvn/maven.config file, or in project POM properties.
2026-03-03 17:07:56,644 [Worker-27: Updating Maven Project] INFO  o.e.m.c.i.p.ProjectConfigurationManager - Update completed for 1 poms: local refresh takes 0.00 sec, refresh facades takes 0.00 sec, update config takes 0.00 sec 
2026-03-03 17:07:56,905 [Worker-30: Building] INFO  o.a.m.s.f.DefaultMavenResourcesFiltering - Copying 1 resource from src/main/resources to target/classes
2026-03-03 17:07:56,913 [Worker-30: Building] INFO  o.a.m.s.f.DefaultMavenResourcesFiltering - Copying 0 resource from src/main/resources to target/classes
2026-03-03 17:07:56,916 [Worker-30: Building] INFO  o.a.m.s.f.DefaultMavenResourcesFiltering - skip non existing resourceDirectory /Users/pankajkumar/Desktop/drive/project/WonderVerse/wonderverse-backend/src/test/resources
2026-03-03 17:07:56,923 [Worker-30: Building] WARN  o.apache.maven.project.MavenProject - Direct modification of compileSourceRoots through clear() is deprecated and will not work in Maven 4.0.0. Please use the add/remove methods instead. If you're using a plugin that causes this warning, please upgrade to the latest version and report an issue if the warning persists. To disable these warnings, set -Dmaven.project.sourceRoots.warningsDisabled=true on the command line, in the .mvn/maven.config file, or in project POM properties.
2026-03-03 17:07:56,923 [Worker-30: Building] WARN  o.apache.maven.project.MavenProject - Direct modification of compileSourceRoots through add() is deprecated and will not work in Maven 4.0.0. Please use the add/remove methods instead. If you're using a plugin that causes this warning, please upgrade to the latest version and report an issue if the warning persists. To disable these warnings, set -Dmaven.project.sourceRoots.warningsDisabled=true on the command line, in the .mvn/maven.config file, or in project POM properties.
2026-03-03 17:07:56,923 [Worker-30: Building] WARN  o.apache.maven.project.MavenProject - Direct modification of testCompileSourceRoots through clear() is deprecated and will not work in Maven 4.0.0. Please use the add/remove methods instead. If you're using a plugin that causes this warning, please upgrade to the latest version and report an issue if the warning persists. To disable these warnings, set -Dmaven.project.sourceRoots.warningsDisabled=true on the command line, in the .mvn/maven.config file, or in project POM properties.
2026-03-03 17:07:56,924 [Worker-30: Building] WARN  o.apache.maven.project.MavenProject - Direct modification of testCompileSourceRoots through add() is deprecated and will not work in Maven 4.0.0. Please use the add/remove methods instead. If you're using a plugin that causes this warning, please upgrade to the latest version and report an issue if the warning persists. To disable these warnings, set -Dmaven.project.sourceRoots.warningsDisabled=true on the command line, in the .mvn/maven.config file, or in project POM properties.
2026-03-03 17:08:06,263 [Worker-31: Launching Executing install in _Users_pankajkumar_Desktop_drive_project_WonderVerse_wonderverse-backend] INFO  o.eclipse.m2e.core.internal.Bundles - getClasspathEntries(Bundle=org.eclipse.m2e.maven.runtime_3.9.1101.20251020-1549 [646])
2026-03-03 17:08:06,264 [Worker-31: Launching Executing install in _Users_pankajkumar_Desktop_drive_project_WonderVerse_wonderverse-backend] INFO  o.eclipse.m2e.core.internal.Bundles - 	Entry: /Users/pankajkumar/.p2/pool/plugins/org.eclipse.m2e.maven.runtime_3.9.1101.20251020-1549
2026-03-03 17:08:06,264 [Worker-31: Launching Executing install in _Users_pankajkumar_Desktop_drive_project_WonderVerse_wonderverse-backend] INFO  o.eclipse.m2e.core.internal.Bundles - 	Entry: /Users/pankajkumar/.p2/pool/plugins/org.eclipse.m2e.maven.runtime_3.9.1101.20251020-1549/jars/aopalliance-1.0.jar
2026-03-03 17:08:06,264 [Worker-31: Launching Executing install in _Users_pankajkumar_Desktop_drive_project_WonderVerse_wonderverse-backend] INFO  o.eclipse.m2e.core.internal.Bundles - 	Entry: /Users/pankajkumar/.p2/pool/plugins/org.eclipse.m2e.maven.runtime_3.9.1101.20251020-1549/jars/asm-9.8.jar
2026-03-03 17:08:06,264 [Worker-31: Launching Executing install in _Users_pankajkumar_Desktop_drive_project_WonderVerse_wonderverse-backend] INFO  o.eclipse.m2e.core.internal.Bundles - 	Entry: /Users/pankajkumar/.p2/pool/plugins/org.eclipse.m2e.maven.runtime_3.9.1101.20251020-1549/jars/error_prone_annotations-2.38.0.jar
2026-03-03 17:08:06,264 [Worker-31: Launching Executing install in _Users_pankajkumar_Desktop_drive_project_WonderVerse_wonderverse-backend] INFO  o.eclipse.m2e.core.internal.Bundles - 	Entry: /Users/pankajkumar/.p2/pool/plugins/org.eclipse.m2e.maven.runtime_3.9.1101.20251020-1549/jars/gson-2.13.1.jar
2026-03-03 17:08:06,264 [Worker-31: Launching Executing install in _Users_pankajkumar_Desktop_drive_project_WonderVerse_wonderverse-backend] INFO  o.eclipse.m2e.core.internal.Bundles - 	Entry: /Users/pankajkumar/.p2/pool/plugins/org.eclipse.m2e.maven.runtime_3.9.1101.20251020-1549/jars/guice-5.1.0-classes.jar
2026-03-03 17:08:06,264 [Worker-31: Launching Executing install in _Users_pankajkumar_Desktop_drive_project_WonderVerse_wonderverse-backend] INFO  o.eclipse.m2e.core.internal.Bundles - 	Entry: /Users/pankajkumar/.p2/pool/plugins/org.eclipse.m2e.maven.runtime_3.9.1101.20251020-1549/jars/httpclient-4.5.14.jar
2026-03-03 17:08:06,264 [Worker-31: Launching Executing install in _Users_pankajkumar_Desktop_drive_project_WonderVerse_wonderverse-backend] INFO  o.eclipse.m2e.core.internal.Bundles - 	Entry: /Users/pankajkumar/.p2/pool/plugins/org.eclipse.m2e.maven.runtime_3.9.1101.20251020-1549/jars/httpcore-4.4.16.jar
2026-03-03 17:08:06,264 [Worker-31: Launching Executing install in _Users_pankajkumar_Desktop_drive_project_WonderVerse_wonderverse-backend] INFO  o.eclipse.m2e.core.internal.Bundles - 	Entry: /Users/pankajkumar/.p2/pool/plugins/org.eclipse.m2e.maven.runtime_3.9.1101.20251020-1549/jars/jansi-2.4.2.jar
2026-03-03 17:08:06,264 [Worker-31: Launching Executing install in _Users_pankajkumar_Desktop_drive_project_WonderVerse_wonderverse-backend] INFO  o.eclipse.m2e.core.internal.Bundles - 	Entry: /Users/pankajkumar/.p2/pool/plugins/org.eclipse.m2e.maven.runtime_3.9.1101.20251020-1549/jars/jcl-over-slf4j-1.7.36.jar
2026-03-03 17:08:06,264 [Worker-31: Launching Executing install in _Users_pankajkumar_Desktop_drive_project_WonderVerse_wonderverse-backend] INFO  o.eclipse.m2e.core.internal.Bundles - 	Entry: /Users/pankajkumar/.p2/pool/plugins/org.eclipse.m2e.maven.runtime_3.9.1101.20251020-1549/jars/maven-artifact-3.9.11.jar
2026-03-03 17:08:06,264 [Worker-31: Launching Executing install in _Users_pankajkumar_Desktop_drive_project_WonderVerse_wonderverse-backend] INFO  o.eclipse.m2e.core.internal.Bundles - 	Entry: /Users/pankajkumar/.p2/pool/plugins/org.eclipse.m2e.maven.runtime_3.9.1101.20251020-1549/jars/maven-builder-support-3.9.11.jar
2026-03-03 17:08:06,264 [Worker-31: Launching Executing install in _Users_pankajkumar_Desktop_drive_project_WonderVerse_wonderverse-backend] INFO  o.eclipse.m2e.core.internal.Bundles - 	Entry: /Users/pankajkumar/.p2/pool/plugins/org.eclipse.m2e.maven.runtime_3.9.1101.20251020-1549/jars/maven-compat-3.9.11.jar
2026-03-03 17:08:06,264 [Worker-31: Launching Executing install in _Users_pankajkumar_Desktop_drive_project_WonderVerse_wonderverse-backend] INFO  o.eclipse.m2e.core.internal.Bundles - 	Entry: /Users/pankajkumar/.p2/pool/plugins/org.eclipse.m2e.maven.runtime_3.9.1101.20251020-1549/jars/maven-core-3.9.11.jar
2026-03-03 17:08:06,265 [Worker-31: Launching Executing install in _Users_pankajkumar_Desktop_drive_project_WonderVerse_wonderverse-backend] INFO  o.eclipse.m2e.core.internal.Bundles - 	Entry: /Users/pankajkumar/.p2/pool/plugins/org.eclipse.m2e.maven.runtime_3.9.1101.20251020-1549/jars/maven-embedder-3.9.11.jar
2026-03-03 17:08:06,265 [Worker-31: Launching Executing install in _Users_pankajkumar_Desktop_drive_project_WonderVerse_wonderverse-backend] INFO  o.eclipse.m2e.core.internal.Bundles - 	Entry: /Users/pankajkumar/.p2/pool/plugins/org.eclipse.m2e.maven.runtime_3.9.1101.20251020-1549/jars/maven-model-3.9.11.jar
2026-03-03 17:08:06,265 [Worker-31: Launching Executing install in _Users_pankajkumar_Desktop_drive_project_WonderVerse_wonderverse-backend] INFO  o.eclipse.m2e.core.internal.Bundles - 	Entry: /Users/pankajkumar/.p2/pool/plugins/org.eclipse.m2e.maven.runtime_3.9.1101.20251020-1549/jars/maven-model-builder-3.9.11.jar
2026-03-03 17:08:06,265 [Worker-31: Launching Executing install in _Users_pankajkumar_Desktop_drive_project_WonderVerse_wonderverse-backend] INFO  o.eclipse.m2e.core.internal.Bundles - 	Entry: /Users/pankajkumar/.p2/pool/plugins/org.eclipse.m2e.maven.runtime_3.9.1101.20251020-1549/jars/maven-plugin-api-3.9.11.jar
2026-03-03 17:08:06,265 [Worker-31: Launching Executing install in _Users_pankajkumar_Desktop_drive_project_WonderVerse_wonderverse-backend] INFO  o.eclipse.m2e.core.internal.Bundles - 	Entry: /Users/pankajkumar/.p2/pool/plugins/org.eclipse.m2e.maven.runtime_3.9.1101.20251020-1549/jars/maven-repository-metadata-3.9.11.jar
2026-03-03 17:08:06,265 [Worker-31: Launching Executing install in _Users_pankajkumar_Desktop_drive_project_WonderVerse_wonderverse-backend] INFO  o.eclipse.m2e.core.internal.Bundles - 	Entry: /Users/pankajkumar/.p2/pool/plugins/org.eclipse.m2e.maven.runtime_3.9.1101.20251020-1549/jars/maven-resolver-api-1.9.24.jar
2026-03-03 17:08:06,265 [Worker-31: Launching Executing install in _Users_pankajkumar_Desktop_drive_project_WonderVerse_wonderverse-backend] INFO  o.eclipse.m2e.core.internal.Bundles - 	Entry: /Users/pankajkumar/.p2/pool/plugins/org.eclipse.m2e.maven.runtime_3.9.1101.20251020-1549/jars/maven-resolver-connector-basic-1.9.24.jar
2026-03-03 17:08:06,265 [Worker-31: Launching Executing install in _Users_pankajkumar_Desktop_drive_project_WonderVerse_wonderverse-backend] INFO  o.eclipse.m2e.core.internal.Bundles - 	Entry: /Users/pankajkumar/.p2/pool/plugins/org.eclipse.m2e.maven.runtime_3.9.1101.20251020-1549/jars/maven-resolver-impl-1.9.24.jar
2026-03-03 17:08:06,265 [Worker-31: Launching Executing install in _Users_pankajkumar_Desktop_drive_project_WonderVerse_wonderverse-backend] INFO  o.eclipse.m2e.core.internal.Bundles - 	Entry: /Users/pankajkumar/.p2/pool/plugins/org.eclipse.m2e.maven.runtime_3.9.1101.20251020-1549/jars/maven-resolver-named-locks-1.9.24.jar
2026-03-03 17:08:06,265 [Worker-31: Launching Executing install in _Users_pankajkumar_Desktop_drive_project_WonderVerse_wonderverse-backend] INFO  o.eclipse.m2e.core.internal.Bundles - 	Entry: /Users/pankajkumar/.p2/pool/plugins/org.eclipse.m2e.maven.runtime_3.9.1101.20251020-1549/jars/maven-resolver-provider-3.9.11.jar
2026-03-03 17:08:06,265 [Worker-31: Launching Executing install in _Users_pankajkumar_Desktop_drive_project_WonderVerse_wonderverse-backend] INFO  o.eclipse.m2e.core.internal.Bundles - 	Entry: /Users/pankajkumar/.p2/pool/plugins/org.eclipse.m2e.maven.runtime_3.9.1101.20251020-1549/jars/maven-resolver-spi-1.9.24.jar
2026-03-03 17:08:06,265 [Worker-31: Launching Executing install in _Users_pankajkumar_Desktop_drive_project_WonderVerse_wonderverse-backend] INFO  o.eclipse.m2e.core.internal.Bundles - 	Entry: /Users/pankajkumar/.p2/pool/plugins/org.eclipse.m2e.maven.runtime_3.9.1101.20251020-1549/jars/maven-resolver-transport-file-1.9.24.jar
2026-03-03 17:08:06,265 [Worker-31: Launching Executing install in _Users_pankajkumar_Desktop_drive_project_WonderVerse_wonderverse-backend] INFO  o.eclipse.m2e.core.internal.Bundles - 	Entry: /Users/pankajkumar/.p2/pool/plugins/org.eclipse.m2e.maven.runtime_3.9.1101.20251020-1549/jars/maven-resolver-transport-http-1.9.24.jar
2026-03-03 17:08:06,265 [Worker-31: Launching Executing install in _Users_pankajkumar_Desktop_drive_project_WonderVerse_wonderverse-backend] INFO  o.eclipse.m2e.core.internal.Bundles - 	Entry: /Users/pankajkumar/.p2/pool/plugins/org.eclipse.m2e.maven.runtime_3.9.1101.20251020-1549/jars/maven-resolver-transport-wagon-1.9.24.jar
2026-03-03 17:08:06,265 [Worker-31: Launching Executing install in _Users_pankajkumar_Desktop_drive_project_WonderVerse_wonderverse-backend] INFO  o.eclipse.m2e.core.internal.Bundles - 	Entry: /Users/pankajkumar/.p2/pool/plugins/org.eclipse.m2e.maven.runtime_3.9.1101.20251020-1549/jars/maven-resolver-util-1.9.24.jar
2026-03-03 17:08:06,265 [Worker-31: Launching Executing install in _Users_pankajkumar_Desktop_drive_project_WonderVerse_wonderverse-backend] INFO  o.eclipse.m2e.core.internal.Bundles - 	Entry: /Users/pankajkumar/.p2/pool/plugins/org.eclipse.m2e.maven.runtime_3.9.1101.20251020-1549/jars/maven-settings-3.9.11.jar
2026-03-03 17:08:06,265 [Worker-31: Launching Executing install in _Users_pankajkumar_Desktop_drive_project_WonderVerse_wonderverse-backend] INFO  o.eclipse.m2e.core.internal.Bundles - 	Entry: /Users/pankajkumar/.p2/pool/plugins/org.eclipse.m2e.maven.runtime_3.9.1101.20251020-1549/jars/maven-settings-builder-3.9.11.jar
2026-03-03 17:08:06,265 [Worker-31: Launching Executing install in _Users_pankajkumar_Desktop_drive_project_WonderVerse_wonderverse-backend] INFO  o.eclipse.m2e.core.internal.Bundles - 	Entry: /Users/pankajkumar/.p2/pool/plugins/org.eclipse.m2e.maven.runtime_3.9.1101.20251020-1549/jars/maven-shared-utils-3.4.2.jar
2026-03-03 17:08:06,265 [Worker-31: Launching Executing install in _Users_pankajkumar_Desktop_drive_project_WonderVerse_wonderverse-backend] INFO  o.eclipse.m2e.core.internal.Bundles - 	Entry: /Users/pankajkumar/.p2/pool/plugins/org.eclipse.m2e.maven.runtime_3.9.1101.20251020-1549/jars/org.eclipse.sisu.inject-0.9.0.M4.jar
2026-03-03 17:08:06,265 [Worker-31: Launching Executing install in _Users_pankajkumar_Desktop_drive_project_WonderVerse_wonderverse-backend] INFO  o.eclipse.m2e.core.internal.Bundles - 	Entry: /Users/pankajkumar/.p2/pool/plugins/org.eclipse.m2e.maven.runtime_3.9.1101.20251020-1549/jars/org.eclipse.sisu.plexus-0.9.0.M4.jar
2026-03-03 17:08:06,265 [Worker-31: Launching Executing install in _Users_pankajkumar_Desktop_drive_project_WonderVerse_wonderverse-backend] INFO  o.eclipse.m2e.core.internal.Bundles - 	Entry: /Users/pankajkumar/.p2/pool/plugins/org.eclipse.m2e.maven.runtime_3.9.1101.20251020-1549/jars/plexus-build-api-0.0.7.jar
2026-03-03 17:08:06,265 [Worker-31: Launching Executing install in _Users_pankajkumar_Desktop_drive_project_WonderVerse_wonderverse-backend] INFO  o.eclipse.m2e.core.internal.Bundles - 	Entry: /Users/pankajkumar/.p2/pool/plugins/org.eclipse.m2e.maven.runtime_3.9.1101.20251020-1549/jars/plexus-build-api-1.2.0.jar
2026-03-03 17:08:06,265 [Worker-31: Launching Executing install in _Users_pankajkumar_Desktop_drive_project_WonderVerse_wonderverse-backend] INFO  o.eclipse.m2e.core.internal.Bundles - 	Entry: /Users/pankajkumar/.p2/pool/plugins/org.eclipse.m2e.maven.runtime_3.9.1101.20251020-1549/jars/plexus-cipher-2.0.jar
2026-03-03 17:08:06,265 [Worker-31: Launching Executing install in _Users_pankajkumar_Desktop_drive_project_WonderVerse_wonderverse-backend] INFO  o.eclipse.m2e.core.internal.Bundles - 	Entry: /Users/pankajkumar/.p2/pool/plugins/org.eclipse.m2e.maven.runtime_3.9.1101.20251020-1549/jars/plexus-classworlds-2.9.0.jar
2026-03-03 17:08:06,265 [Worker-31: Launching Executing install in _Users_pankajkumar_Desktop_drive_project_WonderVerse_wonderverse-backend] INFO  o.eclipse.m2e.core.internal.Bundles - 	Entry: /Users/pankajkumar/.p2/pool/plugins/org.eclipse.m2e.maven.runtime_3.9.1101.20251020-1549/jars/plexus-component-annotations-2.2.0.jar
2026-03-03 17:08:06,265 [Worker-31: Launching Executing install in _Users_pankajkumar_Desktop_drive_project_WonderVerse_wonderverse-backend] INFO  o.eclipse.m2e.core.internal.Bundles - 	Entry: /Users/pankajkumar/.p2/pool/plugins/org.eclipse.m2e.maven.runtime_3.9.1101.20251020-1549/jars/plexus-interpolation-1.28.jar
2026-03-03 17:08:06,265 [Worker-31: Launching Executing install in _Users_pankajkumar_Desktop_drive_project_WonderVerse_wonderverse-backend] INFO  o.eclipse.m2e.core.internal.Bundles - 	Entry: /Users/pankajkumar/.p2/pool/plugins/org.eclipse.m2e.maven.runtime_3.9.1101.20251020-1549/jars/plexus-sec-dispatcher-2.0.jar
2026-03-03 17:08:06,265 [Worker-31: Launching Executing install in _Users_pankajkumar_Desktop_drive_project_WonderVerse_wonderverse-backend] INFO  o.eclipse.m2e.core.internal.Bundles - 	Entry: /Users/pankajkumar/.p2/pool/plugins/org.eclipse.m2e.maven.runtime_3.9.1101.20251020-1549/jars/plexus-utils-3.6.0.jar
2026-03-03 17:08:06,265 [Worker-31: Launching Executing install in _Users_pankajkumar_Desktop_drive_project_WonderVerse_wonderverse-backend] INFO  o.eclipse.m2e.core.internal.Bundles - 	Entry: /Users/pankajkumar/.p2/pool/plugins/org.eclipse.m2e.maven.runtime_3.9.1101.20251020-1549/jars/wagon-file-3.5.3.jar
2026-03-03 17:08:06,265 [Worker-31: Launching Executing install in _Users_pankajkumar_Desktop_drive_project_WonderVerse_wonderverse-backend] INFO  o.eclipse.m2e.core.internal.Bundles - 	Entry: /Users/pankajkumar/.p2/pool/plugins/org.eclipse.m2e.maven.runtime_3.9.1101.20251020-1549/jars/wagon-http-3.5.3.jar
2026-03-03 17:08:06,265 [Worker-31: Launching Executing install in _Users_pankajkumar_Desktop_drive_project_WonderVerse_wonderverse-backend] INFO  o.eclipse.m2e.core.internal.Bundles - 	Entry: /Users/pankajkumar/.p2/pool/plugins/org.eclipse.m2e.maven.runtime_3.9.1101.20251020-1549/jars/wagon-http-shared-3.5.3.jar
2026-03-03 17:08:06,266 [Worker-31: Launching Executing install in _Users_pankajkumar_Desktop_drive_project_WonderVerse_wonderverse-backend] INFO  o.eclipse.m2e.core.internal.Bundles - 	Entry: /Users/pankajkumar/.p2/pool/plugins/org.eclipse.m2e.maven.runtime_3.9.1101.20251020-1549/jars/wagon-provider-api-3.5.3.jar
2026-03-03 17:08:06,266 [Worker-31: Launching Executing install in _Users_pankajkumar_Desktop_drive_project_WonderVerse_wonderverse-backend] INFO  o.eclipse.m2e.core.internal.Bundles - getClasspathEntries(Bundle=com.google.guava_33.5.0.jre [18])
2026-03-03 17:08:06,266 [Worker-31: Launching Executing install in _Users_pankajkumar_Desktop_drive_project_WonderVerse_wonderverse-backend] INFO  o.eclipse.m2e.core.internal.Bundles - 	Entry: /Users/pankajkumar/.p2/pool/plugins/com.google.guava_33.5.0.jre.jar
2026-03-03 17:08:06,266 [Worker-31: Launching Executing install in _Users_pankajkumar_Desktop_drive_project_WonderVerse_wonderverse-backend] INFO  o.eclipse.m2e.core.internal.Bundles - getClasspathEntries(Bundle=slf4j.api_2.0.17 [1011])
2026-03-03 17:08:06,266 [Worker-31: Launching Executing install in _Users_pankajkumar_Desktop_drive_project_WonderVerse_wonderverse-backend] INFO  o.eclipse.m2e.core.internal.Bundles - 	Entry: /Users/pankajkumar/.p2/pool/plugins/slf4j.api_2.0.17.jar
2026-03-03 17:08:06,266 [Worker-31: Launching Executing install in _Users_pankajkumar_Desktop_drive_project_WonderVerse_wonderverse-backend] INFO  o.eclipse.m2e.core.internal.Bundles - getClasspathEntries(Bundle=jakarta.inject.jakarta.inject-api_1.0.5 [35])
2026-03-03 17:08:06,266 [Worker-31: Launching Executing install in _Users_pankajkumar_Desktop_drive_project_WonderVerse_wonderverse-backend] INFO  o.eclipse.m2e.core.internal.Bundles - 	Entry: /Users/pankajkumar/.p2/pool/plugins/jakarta.inject.jakarta.inject-api_1.0.5.jar
2026-03-03 17:08:06,266 [Worker-31: Launching Executing install in _Users_pankajkumar_Desktop_drive_project_WonderVerse_wonderverse-backend] INFO  o.eclipse.m2e.core.internal.Bundles - getClasspathEntries(Bundle=jakarta.annotation-api_1.3.5 [31])
2026-03-03 17:08:06,266 [Worker-31: Launching Executing install in _Users_pankajkumar_Desktop_drive_project_WonderVerse_wonderverse-backend] INFO  o.eclipse.m2e.core.internal.Bundles - 	Entry: /Users/pankajkumar/.p2/pool/plugins/jakarta.annotation-api_1.3.5.jar
2026-03-03 17:08:06,266 [Worker-31: Launching Executing install in _Users_pankajkumar_Desktop_drive_project_WonderVerse_wonderverse-backend] INFO  o.eclipse.m2e.core.internal.Bundles - getClasspathEntries(Bundle=org.apache.commons.cli_1.11.0 [82])
2026-03-03 17:08:06,266 [Worker-31: Launching Executing install in _Users_pankajkumar_Desktop_drive_project_WonderVerse_wonderverse-backend] INFO  o.eclipse.m2e.core.internal.Bundles - 	Entry: /Users/pankajkumar/.p2/pool/plugins/org.apache.commons.cli_1.11.0.jar
2026-03-03 17:08:06,266 [Worker-31: Launching Executing install in _Users_pankajkumar_Desktop_drive_project_WonderVerse_wonderverse-backend] INFO  o.eclipse.m2e.core.internal.Bundles - getClasspathEntries(Bundle=org.apache.commons.commons-codec_1.20.0 [84])
2026-03-03 17:08:06,266 [Worker-31: Launching Executing install in _Users_pankajkumar_Desktop_drive_project_WonderVerse_wonderverse-backend] INFO  o.eclipse.m2e.core.internal.Bundles - 	Entry: /Users/pankajkumar/.p2/pool/plugins/org.apache.commons.commons-codec_1.20.0.jar
2026-03-03 17:08:06,266 [Worker-31: Launching Executing install in _Users_pankajkumar_Desktop_drive_project_WonderVerse_wonderverse-backend] INFO  o.eclipse.m2e.core.internal.Bundles - getClasspathEntries(Bundle=com.google.guava.failureaccess_1.0.3 [19])
2026-03-03 17:08:06,266 [Worker-31: Launching Executing install in _Users_pankajkumar_Desktop_drive_project_WonderVerse_wonderverse-backend] INFO  o.eclipse.m2e.core.internal.Bundles - 	Entry: /Users/pankajkumar/.p2/pool/plugins/com.google.guava.failureaccess_1.0.3.jar
2026-03-03 17:08:06,267 [Worker-31: Launching Executing install in _Users_pankajkumar_Desktop_drive_project_WonderVerse_wonderverse-backend] INFO  o.e.m.i.launch.MavenLaunchDelegate - Run build in "/Users/pankajkumar/Desktop/drive/project/WonderVerse/wonderverse-backend":
2026-03-03 17:08:06,267 [Worker-31: Launching Executing install in _Users_pankajkumar_Desktop_drive_project_WonderVerse_wonderverse-backend] INFO  o.e.m.i.launch.MavenLaunchDelegate -  mvn  -B -Dstyle.color=always install
2026-03-03 17:08:26,695 [main] INFO  o.e.m2e.actions.ExecutePomAction - Creating new launch configuration
2026-03-03 17:08:39,922 [Worker-31: Launching wonderverse-backend (1)] INFO  o.eclipse.m2e.core.internal.Bundles - getClasspathEntries(Bundle=org.eclipse.m2e.maven.runtime_3.9.1101.20251020-1549 [646])
2026-03-03 17:08:39,922 [Worker-31: Launching wonderverse-backend (1)] INFO  o.eclipse.m2e.core.internal.Bundles - 	Entry: /Users/pankajkumar/.p2/pool/plugins/org.eclipse.m2e.maven.runtime_3.9.1101.20251020-1549
2026-03-03 17:08:39,922 [Worker-31: Launching wonderverse-backend (1)] INFO  o.eclipse.m2e.core.internal.Bundles - 	Entry: /Users/pankajkumar/.p2/pool/plugins/org.eclipse.m2e.maven.runtime_3.9.1101.20251020-1549/jars/aopalliance-1.0.jar
2026-03-03 17:08:39,922 [Worker-31: Launching wonderverse-backend (1)] INFO  o.eclipse.m2e.core.internal.Bundles - 	Entry: /Users/pankajkumar/.p2/pool/plugins/org.eclipse.m2e.maven.runtime_3.9.1101.20251020-1549/jars/asm-9.8.jar
2026-03-03 17:08:39,923 [Worker-31: Launching wonderverse-backend (1)] INFO  o.eclipse.m2e.core.internal.Bundles - 	Entry: /Users/pankajkumar/.p2/pool/plugins/org.eclipse.m2e.maven.runtime_3.9.1101.20251020-1549/jars/error_prone_annotations-2.38.0.jar
2026-03-03 17:08:39,923 [Worker-31: Launching wonderverse-backend (1)] INFO  o.eclipse.m2e.core.internal.Bundles - 	Entry: /Users/pankajkumar/.p2/pool/plugins/org.eclipse.m2e.maven.runtime_3.9.1101.20251020-1549/jars/gson-2.13.1.jar
2026-03-03 17:08:39,923 [Worker-31: Launching wonderverse-backend (1)] INFO  o.eclipse.m2e.core.internal.Bundles - 	Entry: /Users/pankajkumar/.p2/pool/plugins/org.eclipse.m2e.maven.runtime_3.9.1101.20251020-1549/jars/guice-5.1.0-classes.jar
2026-03-03 17:08:39,923 [Worker-31: Launching wonderverse-backend (1)] INFO  o.eclipse.m2e.core.internal.Bundles - 	Entry: /Users/pankajkumar/.p2/pool/plugins/org.eclipse.m2e.maven.runtime_3.9.1101.20251020-1549/jars/httpclient-4.5.14.jar
2026-03-03 17:08:39,923 [Worker-31: Launching wonderverse-backend (1)] INFO  o.eclipse.m2e.core.internal.Bundles - 	Entry: /Users/pankajkumar/.p2/pool/plugins/org.eclipse.m2e.maven.runtime_3.9.1101.20251020-1549/jars/httpcore-4.4.16.jar
2026-03-03 17:08:39,923 [Worker-31: Launching wonderverse-backend (1)] INFO  o.eclipse.m2e.core.internal.Bundles - 	Entry: /Users/pankajkumar/.p2/pool/plugins/org.eclipse.m2e.maven.runtime_3.9.1101.20251020-1549/jars/jansi-2.4.2.jar
2026-03-03 17:08:39,923 [Worker-31: Launching wonderverse-backend (1)] INFO  o.eclipse.m2e.core.internal.Bundles - 	Entry: /Users/pankajkumar/.p2/pool/plugins/org.eclipse.m2e.maven.runtime_3.9.1101.20251020-1549/jars/jcl-over-slf4j-1.7.36.jar
2026-03-03 17:08:39,923 [Worker-31: Launching wonderverse-backend (1)] INFO  o.eclipse.m2e.core.internal.Bundles - 	Entry: /Users/pankajkumar/.p2/pool/plugins/org.eclipse.m2e.maven.runtime_3.9.1101.20251020-1549/jars/maven-artifact-3.9.11.jar
2026-03-03 17:08:39,923 [Worker-31: Launching wonderverse-backend (1)] INFO  o.eclipse.m2e.core.internal.Bundles - 	Entry: /Users/pankajkumar/.p2/pool/plugins/org.eclipse.m2e.maven.runtime_3.9.1101.20251020-1549/jars/maven-builder-support-3.9.11.jar
2026-03-03 17:08:39,923 [Worker-31: Launching wonderverse-backend (1)] INFO  o.eclipse.m2e.core.internal.Bundles - 	Entry: /Users/pankajkumar/.p2/pool/plugins/org.eclipse.m2e.maven.runtime_3.9.1101.20251020-1549/jars/maven-compat-3.9.11.jar
2026-03-03 17:08:39,923 [Worker-31: Launching wonderverse-backend (1)] INFO  o.eclipse.m2e.core.internal.Bundles - 	Entry: /Users/pankajkumar/.p2/pool/plugins/org.eclipse.m2e.maven.runtime_3.9.1101.20251020-1549/jars/maven-core-3.9.11.jar
2026-03-03 17:08:39,923 [Worker-31: Launching wonderverse-backend (1)] INFO  o.eclipse.m2e.core.internal.Bundles - 	Entry: /Users/pankajkumar/.p2/pool/plugins/org.eclipse.m2e.maven.runtime_3.9.1101.20251020-1549/jars/maven-embedder-3.9.11.jar
2026-03-03 17:08:39,923 [Worker-31: Launching wonderverse-backend (1)] INFO  o.eclipse.m2e.core.internal.Bundles - 	Entry: /Users/pankajkumar/.p2/pool/plugins/org.eclipse.m2e.maven.runtime_3.9.1101.20251020-1549/jars/maven-model-3.9.11.jar
2026-03-03 17:08:39,923 [Worker-31: Launching wonderverse-backend (1)] INFO  o.eclipse.m2e.core.internal.Bundles - 	Entry: /Users/pankajkumar/.p2/pool/plugins/org.eclipse.m2e.maven.runtime_3.9.1101.20251020-1549/jars/maven-model-builder-3.9.11.jar
2026-03-03 17:08:39,923 [Worker-31: Launching wonderverse-backend (1)] INFO  o.eclipse.m2e.core.internal.Bundles - 	Entry: /Users/pankajkumar/.p2/pool/plugins/org.eclipse.m2e.maven.runtime_3.9.1101.20251020-1549/jars/maven-plugin-api-3.9.11.jar
2026-03-03 17:08:39,923 [Worker-31: Launching wonderverse-backend (1)] INFO  o.eclipse.m2e.core.internal.Bundles - 	Entry: /Users/pankajkumar/.p2/pool/plugins/org.eclipse.m2e.maven.runtime_3.9.1101.20251020-1549/jars/maven-repository-metadata-3.9.11.jar
2026-03-03 17:08:39,923 [Worker-31: Launching wonderverse-backend (1)] INFO  o.eclipse.m2e.core.internal.Bundles - 	Entry: /Users/pankajkumar/.p2/pool/plugins/org.eclipse.m2e.maven.runtime_3.9.1101.20251020-1549/jars/maven-resolver-api-1.9.24.jar
2026-03-03 17:08:39,923 [Worker-31: Launching wonderverse-backend (1)] INFO  o.eclipse.m2e.core.internal.Bundles - 	Entry: /Users/pankajkumar/.p2/pool/plugins/org.eclipse.m2e.maven.runtime_3.9.1101.20251020-1549/jars/maven-resolver-connector-basic-1.9.24.jar
2026-03-03 17:08:39,923 [Worker-31: Launching wonderverse-backend (1)] INFO  o.eclipse.m2e.core.internal.Bundles - 	Entry: /Users/pankajkumar/.p2/pool/plugins/org.eclipse.m2e.maven.runtime_3.9.1101.20251020-1549/jars/maven-resolver-impl-1.9.24.jar
2026-03-03 17:08:39,923 [Worker-31: Launching wonderverse-backend (1)] INFO  o.eclipse.m2e.core.internal.Bundles - 	Entry: /Users/pankajkumar/.p2/pool/plugins/org.eclipse.m2e.maven.runtime_3.9.1101.20251020-1549/jars/maven-resolver-named-locks-1.9.24.jar
2026-03-03 17:08:39,923 [Worker-31: Launching wonderverse-backend (1)] INFO  o.eclipse.m2e.core.internal.Bundles - 	Entry: /Users/pankajkumar/.p2/pool/plugins/org.eclipse.m2e.maven.runtime_3.9.1101.20251020-1549/jars/maven-resolver-provider-3.9.11.jar
2026-03-03 17:08:39,923 [Worker-31: Launching wonderverse-backend (1)] INFO  o.eclipse.m2e.core.internal.Bundles - 	Entry: /Users/pankajkumar/.p2/pool/plugins/org.eclipse.m2e.maven.runtime_3.9.1101.20251020-1549/jars/maven-resolver-spi-1.9.24.jar
2026-03-03 17:08:39,923 [Worker-31: Launching wonderverse-backend (1)] INFO  o.eclipse.m2e.core.internal.Bundles - 	Entry: /Users/pankajkumar/.p2/pool/plugins/org.eclipse.m2e.maven.runtime_3.9.1101.20251020-1549/jars/maven-resolver-transport-file-1.9.24.jar
2026-03-03 17:08:39,924 [Worker-31: Launching wonderverse-backend (1)] INFO  o.eclipse.m2e.core.internal.Bundles - 	Entry: /Users/pankajkumar/.p2/pool/plugins/org.eclipse.m2e.maven.runtime_3.9.1101.20251020-1549/jars/maven-resolver-transport-http-1.9.24.jar
2026-03-03 17:08:39,924 [Worker-31: Launching wonderverse-backend (1)] INFO  o.eclipse.m2e.core.internal.Bundles - 	Entry: /Users/pankajkumar/.p2/pool/plugins/org.eclipse.m2e.maven.runtime_3.9.1101.20251020-1549/jars/maven-resolver-transport-wagon-1.9.24.jar
2026-03-03 17:08:39,924 [Worker-31: Launching wonderverse-backend (1)] INFO  o.eclipse.m2e.core.internal.Bundles - 	Entry: /Users/pankajkumar/.p2/pool/plugins/org.eclipse.m2e.maven.runtime_3.9.1101.20251020-1549/jars/maven-resolver-util-1.9.24.jar
2026-03-03 17:08:39,924 [Worker-31: Launching wonderverse-backend (1)] INFO  o.eclipse.m2e.core.internal.Bundles - 	Entry: /Users/pankajkumar/.p2/pool/plugins/org.eclipse.m2e.maven.runtime_3.9.1101.20251020-1549/jars/maven-settings-3.9.11.jar
2026-03-03 17:08:39,924 [Worker-31: Launching wonderverse-backend (1)] INFO  o.eclipse.m2e.core.internal.Bundles - 	Entry: /Users/pankajkumar/.p2/pool/plugins/org.eclipse.m2e.maven.runtime_3.9.1101.20251020-1549/jars/maven-settings-builder-3.9.11.jar
2026-03-03 17:08:39,924 [Worker-31: Launching wonderverse-backend (1)] INFO  o.eclipse.m2e.core.internal.Bundles - 	Entry: /Users/pankajkumar/.p2/pool/plugins/org.eclipse.m2e.maven.runtime_3.9.1101.20251020-1549/jars/maven-shared-utils-3.4.2.jar
2026-03-03 17:08:39,924 [Worker-31: Launching wonderverse-backend (1)] INFO  o.eclipse.m2e.core.internal.Bundles - 	Entry: /Users/pankajkumar/.p2/pool/plugins/org.eclipse.m2e.maven.runtime_3.9.1101.20251020-1549/jars/org.eclipse.sisu.inject-0.9.0.M4.jar
2026-03-03 17:08:39,924 [Worker-31: Launching wonderverse-backend (1)] INFO  o.eclipse.m2e.core.internal.Bundles - 	Entry: /Users/pankajkumar/.p2/pool/plugins/org.eclipse.m2e.maven.runtime_3.9.1101.20251020-1549/jars/org.eclipse.sisu.plexus-0.9.0.M4.jar
2026-03-03 17:08:39,924 [Worker-31: Launching wonderverse-backend (1)] INFO  o.eclipse.m2e.core.internal.Bundles - 	Entry: /Users/pankajkumar/.p2/pool/plugins/org.eclipse.m2e.maven.runtime_3.9.1101.20251020-1549/jars/plexus-build-api-0.0.7.jar
2026-03-03 17:08:39,924 [Worker-31: Launching wonderverse-backend (1)] INFO  o.eclipse.m2e.core.internal.Bundles - 	Entry: /Users/pankajkumar/.p2/pool/plugins/org.eclipse.m2e.maven.runtime_3.9.1101.20251020-1549/jars/plexus-build-api-1.2.0.jar
2026-03-03 17:08:39,924 [Worker-31: Launching wonderverse-backend (1)] INFO  o.eclipse.m2e.core.internal.Bundles - 	Entry: /Users/pankajkumar/.p2/pool/plugins/org.eclipse.m2e.maven.runtime_3.9.1101.20251020-1549/jars/plexus-cipher-2.0.jar
2026-03-03 17:08:39,924 [Worker-31: Launching wonderverse-backend (1)] INFO  o.eclipse.m2e.core.internal.Bundles - 	Entry: /Users/pankajkumar/.p2/pool/plugins/org.eclipse.m2e.maven.runtime_3.9.1101.20251020-1549/jars/plexus-classworlds-2.9.0.jar
2026-03-03 17:08:39,924 [Worker-31: Launching wonderverse-backend (1)] INFO  o.eclipse.m2e.core.internal.Bundles - 	Entry: /Users/pankajkumar/.p2/pool/plugins/org.eclipse.m2e.maven.runtime_3.9.1101.20251020-1549/jars/plexus-component-annotations-2.2.0.jar
2026-03-03 17:08:39,924 [Worker-31: Launching wonderverse-backend (1)] INFO  o.eclipse.m2e.core.internal.Bundles - 	Entry: /Users/pankajkumar/.p2/pool/plugins/org.eclipse.m2e.maven.runtime_3.9.1101.20251020-1549/jars/plexus-interpolation-1.28.jar
2026-03-03 17:08:39,924 [Worker-31: Launching wonderverse-backend (1)] INFO  o.eclipse.m2e.core.internal.Bundles - 	Entry: /Users/pankajkumar/.p2/pool/plugins/org.eclipse.m2e.maven.runtime_3.9.1101.20251020-1549/jars/plexus-sec-dispatcher-2.0.jar
2026-03-03 17:08:39,924 [Worker-31: Launching wonderverse-backend (1)] INFO  o.eclipse.m2e.core.internal.Bundles - 	Entry: /Users/pankajkumar/.p2/pool/plugins/org.eclipse.m2e.maven.runtime_3.9.1101.20251020-1549/jars/plexus-utils-3.6.0.jar
2026-03-03 17:08:39,924 [Worker-31: Launching wonderverse-backend (1)] INFO  o.eclipse.m2e.core.internal.Bundles - 	Entry: /Users/pankajkumar/.p2/pool/plugins/org.eclipse.m2e.maven.runtime_3.9.1101.20251020-1549/jars/wagon-file-3.5.3.jar
2026-03-03 17:08:39,924 [Worker-31: Launching wonderverse-backend (1)] INFO  o.eclipse.m2e.core.internal.Bundles - 	Entry: /Users/pankajkumar/.p2/pool/plugins/org.eclipse.m2e.maven.runtime_3.9.1101.20251020-1549/jars/wagon-http-3.5.3.jar
2026-03-03 17:08:39,924 [Worker-31: Launching wonderverse-backend (1)] INFO  o.eclipse.m2e.core.internal.Bundles - 	Entry: /Users/pankajkumar/.p2/pool/plugins/org.eclipse.m2e.maven.runtime_3.9.1101.20251020-1549/jars/wagon-http-shared-3.5.3.jar
2026-03-03 17:08:39,924 [Worker-31: Launching wonderverse-backend (1)] INFO  o.eclipse.m2e.core.internal.Bundles - 	Entry: /Users/pankajkumar/.p2/pool/plugins/org.eclipse.m2e.maven.runtime_3.9.1101.20251020-1549/jars/wagon-provider-api-3.5.3.jar
2026-03-03 17:08:39,924 [Worker-31: Launching wonderverse-backend (1)] INFO  o.eclipse.m2e.core.internal.Bundles - getClasspathEntries(Bundle=com.google.guava_33.5.0.jre [18])
2026-03-03 17:08:39,924 [Worker-31: Launching wonderverse-backend (1)] INFO  o.eclipse.m2e.core.internal.Bundles - 	Entry: /Users/pankajkumar/.p2/pool/plugins/com.google.guava_33.5.0.jre.jar
2026-03-03 17:08:39,925 [Worker-31: Launching wonderverse-backend (1)] INFO  o.eclipse.m2e.core.internal.Bundles - getClasspathEntries(Bundle=slf4j.api_2.0.17 [1011])
2026-03-03 17:08:39,925 [Worker-31: Launching wonderverse-backend (1)] INFO  o.eclipse.m2e.core.internal.Bundles - 	Entry: /Users/pankajkumar/.p2/pool/plugins/slf4j.api_2.0.17.jar
2026-03-03 17:08:39,925 [Worker-31: Launching wonderverse-backend (1)] INFO  o.eclipse.m2e.core.internal.Bundles - getClasspathEntries(Bundle=jakarta.inject.jakarta.inject-api_1.0.5 [35])
2026-03-03 17:08:39,925 [Worker-31: Launching wonderverse-backend (1)] INFO  o.eclipse.m2e.core.internal.Bundles - 	Entry: /Users/pankajkumar/.p2/pool/plugins/jakarta.inject.jakarta.inject-api_1.0.5.jar
2026-03-03 17:08:39,925 [Worker-31: Launching wonderverse-backend (1)] INFO  o.eclipse.m2e.core.internal.Bundles - getClasspathEntries(Bundle=jakarta.annotation-api_1.3.5 [31])
2026-03-03 17:08:39,925 [Worker-31: Launching wonderverse-backend (1)] INFO  o.eclipse.m2e.core.internal.Bundles - 	Entry: /Users/pankajkumar/.p2/pool/plugins/jakarta.annotation-api_1.3.5.jar
2026-03-03 17:08:39,925 [Worker-31: Launching wonderverse-backend (1)] INFO  o.eclipse.m2e.core.internal.Bundles - getClasspathEntries(Bundle=org.apache.commons.cli_1.11.0 [82])
2026-03-03 17:08:39,925 [Worker-31: Launching wonderverse-backend (1)] INFO  o.eclipse.m2e.core.internal.Bundles - 	Entry: /Users/pankajkumar/.p2/pool/plugins/org.apache.commons.cli_1.11.0.jar
2026-03-03 17:08:39,925 [Worker-31: Launching wonderverse-backend (1)] INFO  o.eclipse.m2e.core.internal.Bundles - getClasspathEntries(Bundle=org.apache.commons.commons-codec_1.20.0 [84])
2026-03-03 17:08:39,925 [Worker-31: Launching wonderverse-backend (1)] INFO  o.eclipse.m2e.core.internal.Bundles - 	Entry: /Users/pankajkumar/.p2/pool/plugins/org.apache.commons.commons-codec_1.20.0.jar
2026-03-03 17:08:39,925 [Worker-31: Launching wonderverse-backend (1)] INFO  o.eclipse.m2e.core.internal.Bundles - getClasspathEntries(Bundle=com.google.guava.failureaccess_1.0.3 [19])
2026-03-03 17:08:39,925 [Worker-31: Launching wonderverse-backend (1)] INFO  o.eclipse.m2e.core.internal.Bundles - 	Entry: /Users/pankajkumar/.p2/pool/plugins/com.google.guava.failureaccess_1.0.3.jar
2026-03-03 17:08:39,926 [Worker-31: Launching wonderverse-backend (1)] INFO  o.e.m.i.launch.MavenLaunchDelegate - Run build in "/Users/pankajkumar/Desktop/drive/project/WonderVerse/wonderverse-backend":
2026-03-03 17:08:39,926 [Worker-31: Launching wonderverse-backend (1)] INFO  o.e.m.i.launch.MavenLaunchDelegate -  mvn  -B -Dstyle.color=always spring-boot:run
2026-03-03 17:11:29,032 [Worker-34: Building] INFO  o.a.m.s.f.DefaultMavenResourcesFiltering - Copying 1 resource from src/main/resources to target/classes
2026-03-03 17:11:29,039 [Worker-34: Building] INFO  o.a.m.s.f.DefaultMavenResourcesFiltering - Copying 0 resource from src/main/resources to target/classes
2026-03-03 17:11:29,041 [Worker-34: Building] INFO  o.a.m.s.f.DefaultMavenResourcesFiltering - skip non existing resourceDirectory /Users/pankajkumar/Desktop/drive/project/WonderVerse/wonderverse-backend/src/test/resources
2026-03-03 17:11:29,041 [Worker-34: Building] WARN  o.apache.maven.project.MavenProject - Direct modification of compileSourceRoots through clear() is deprecated and will not work in Maven 4.0.0. Please use the add/remove methods instead. If you're using a plugin that causes this warning, please upgrade to the latest version and report an issue if the warning persists. To disable these warnings, set -Dmaven.project.sourceRoots.warningsDisabled=true on the command line, in the .mvn/maven.config file, or in project POM properties.
2026-03-03 17:11:29,042 [Worker-34: Building] WARN  o.apache.maven.project.MavenProject - Direct modification of compileSourceRoots through add() is deprecated and will not work in Maven 4.0.0. Please use the add/remove methods instead. If you're using a plugin that causes this warning, please upgrade to the latest version and report an issue if the warning persists. To disable these warnings, set -Dmaven.project.sourceRoots.warningsDisabled=true on the command line, in the .mvn/maven.config file, or in project POM properties.
2026-03-03 17:11:29,043 [Worker-34: Building] WARN  o.apache.maven.project.MavenProject - Direct modification of testCompileSourceRoots through clear() is deprecated and will not work in Maven 4.0.0. Please use the add/remove methods instead. If you're using a plugin that causes this warning, please upgrade to the latest version and report an issue if the warning persists. To disable these warnings, set -Dmaven.project.sourceRoots.warningsDisabled=true on the command line, in the .mvn/maven.config file, or in project POM properties.
2026-03-03 17:11:29,043 [Worker-34: Building] WARN  o.apache.maven.project.MavenProject - Direct modification of testCompileSourceRoots through add() is deprecated and will not work in Maven 4.0.0. Please use the add/remove methods instead. If you're using a plugin that causes this warning, please upgrade to the latest version and report an issue if the warning persists. To disable these warnings, set -Dmaven.project.sourceRoots.warningsDisabled=true on the command line, in the .mvn/maven.config file, or in project POM properties.
2026-03-03 17:16:49,202 [Worker-38: Building] INFO  o.a.m.s.f.DefaultMavenResourcesFiltering - Copying 1 resource from src/main/resources to target/classes
2026-03-03 17:16:49,208 [Worker-38: Building] INFO  o.a.m.s.f.DefaultMavenResourcesFiltering - Copying 0 resource from src/main/resources to target/classes
2026-03-03 17:16:49,211 [Worker-38: Building] INFO  o.a.m.s.f.DefaultMavenResourcesFiltering - skip non existing resourceDirectory /Users/pankajkumar/Desktop/drive/project/WonderVerse/wonderverse-backend/src/test/resources
2026-03-03 17:16:49,243 [Worker-38: Building] WARN  o.apache.maven.project.MavenProject - Direct modification of compileSourceRoots through clear() is deprecated and will not work in Maven 4.0.0. Please use the add/remove methods instead. If you're using a plugin that causes this warning, please upgrade to the latest version and report an issue if the warning persists. To disable these warnings, set -Dmaven.project.sourceRoots.warningsDisabled=true on the command line, in the .mvn/maven.config file, or in project POM properties.
2026-03-03 17:16:49,244 [Worker-38: Building] WARN  o.apache.maven.project.MavenProject - Direct modification of compileSourceRoots through add() is deprecated and will not work in Maven 4.0.0. Please use the add/remove methods instead. If you're using a plugin that causes this warning, please upgrade to the latest version and report an issue if the warning persists. To disable these warnings, set -Dmaven.project.sourceRoots.warningsDisabled=true on the command line, in the .mvn/maven.config file, or in project POM properties.
2026-03-03 17:16:49,244 [Worker-38: Building] WARN  o.apache.maven.project.MavenProject - Direct modification of testCompileSourceRoots through clear() is deprecated and will not work in Maven 4.0.0. Please use the add/remove methods instead. If you're using a plugin that causes this warning, please upgrade to the latest version and report an issue if the warning persists. To disable these warnings, set -Dmaven.project.sourceRoots.warningsDisabled=true on the command line, in the .mvn/maven.config file, or in project POM properties.
2026-03-03 17:16:49,244 [Worker-38: Building] WARN  o.apache.maven.project.MavenProject - Direct modification of testCompileSourceRoots through add() is deprecated and will not work in Maven 4.0.0. Please use the add/remove methods instead. If you're using a plugin that causes this warning, please upgrade to the latest version and report an issue if the warning persists. To disable these warnings, set -Dmaven.project.sourceRoots.warningsDisabled=true on the command line, in the .mvn/maven.config file, or in project POM properties.
2026-03-03 17:17:02,533 [Worker-34: Building] INFO  o.a.m.s.f.DefaultMavenResourcesFiltering - Copying 1 resource from src/main/resources to target/classes
2026-03-03 17:17:02,534 [Worker-34: Building] INFO  o.a.m.s.f.DefaultMavenResourcesFiltering - Copying 0 resource from src/main/resources to target/classes
2026-03-03 17:17:02,536 [Worker-34: Building] INFO  o.a.m.s.f.DefaultMavenResourcesFiltering - skip non existing resourceDirectory /Users/pankajkumar/Desktop/drive/project/WonderVerse/wonderverse-backend/src/test/resources
2026-03-03 17:17:02,537 [Worker-34: Building] WARN  o.apache.maven.project.MavenProject - Direct modification of compileSourceRoots through clear() is deprecated and will not work in Maven 4.0.0. Please use the add/remove methods instead. If you're using a plugin that causes this warning, please upgrade to the latest version and report an issue if the warning persists. To disable these warnings, set -Dmaven.project.sourceRoots.warningsDisabled=true on the command line, in the .mvn/maven.config file, or in project POM properties.
2026-03-03 17:17:02,537 [Worker-34: Building] WARN  o.apache.maven.project.MavenProject - Direct modification of compileSourceRoots through add() is deprecated and will not work in Maven 4.0.0. Please use the add/remove methods instead. If you're using a plugin that causes this warning, please upgrade to the latest version and report an issue if the warning persists. To disable these warnings, set -Dmaven.project.sourceRoots.warningsDisabled=true on the command line, in the .mvn/maven.config file, or in project POM properties.
2026-03-03 17:17:02,537 [Worker-34: Building] WARN  o.apache.maven.project.MavenProject - Direct modification of testCompileSourceRoots through clear() is deprecated and will not work in Maven 4.0.0. Please use the add/remove methods instead. If you're using a plugin that causes this warning, please upgrade to the latest version and report an issue if the warning persists. To disable these warnings, set -Dmaven.project.sourceRoots.warningsDisabled=true on the command line, in the .mvn/maven.config file, or in project POM properties.
2026-03-03 17:17:02,538 [Worker-34: Building] WARN  o.apache.maven.project.MavenProject - Direct modification of testCompileSourceRoots through add() is deprecated and will not work in Maven 4.0.0. Please use the add/remove methods instead. If you're using a plugin that causes this warning, please upgrade to the latest version and report an issue if the warning persists. To disable these warnings, set -Dmaven.project.sourceRoots.warningsDisabled=true on the command line, in the .mvn/maven.config file, or in project POM properties.
2026-03-03 17:17:39,394 [Worker-36: Building] INFO  o.a.m.s.f.DefaultMavenResourcesFiltering - Copying 1 resource from src/main/resources to target/classes
2026-03-03 17:17:39,396 [Worker-36: Building] INFO  o.a.m.s.f.DefaultMavenResourcesFiltering - Copying 0 resource from src/main/resources to target/classes
2026-03-03 17:17:39,398 [Worker-36: Building] INFO  o.a.m.s.f.DefaultMavenResourcesFiltering - skip non existing resourceDirectory /Users/pankajkumar/Desktop/drive/project/WonderVerse/wonderverse-backend/src/test/resources
2026-03-03 17:17:39,398 [Worker-36: Building] WARN  o.apache.maven.project.MavenProject - Direct modification of compileSourceRoots through clear() is deprecated and will not work in Maven 4.0.0. Please use the add/remove methods instead. If you're using a plugin that causes this warning, please upgrade to the latest version and report an issue if the warning persists. To disable these warnings, set -Dmaven.project.sourceRoots.warningsDisabled=true on the command line, in the .mvn/maven.config file, or in project POM properties.
2026-03-03 17:17:39,399 [Worker-36: Building] WARN  o.apache.maven.project.MavenProject - Direct modification of compileSourceRoots through add() is deprecated and will not work in Maven 4.0.0. Please use the add/remove methods instead. If you're using a plugin that causes this warning, please upgrade to the latest version and report an issue if the warning persists. To disable these warnings, set -Dmaven.project.sourceRoots.warningsDisabled=true on the command line, in the .mvn/maven.config file, or in project POM properties.
2026-03-03 17:17:39,399 [Worker-36: Building] WARN  o.apache.maven.project.MavenProject - Direct modification of testCompileSourceRoots through clear() is deprecated and will not work in Maven 4.0.0. Please use the add/remove methods instead. If you're using a plugin that causes this warning, please upgrade to the latest version and report an issue if the warning persists. To disable these warnings, set -Dmaven.project.sourceRoots.warningsDisabled=true on the command line, in the .mvn/maven.config file, or in project POM properties.
2026-03-03 17:17:39,399 [Worker-36: Building] WARN  o.apache.maven.project.MavenProject - Direct modification of testCompileSourceRoots through add() is deprecated and will not work in Maven 4.0.0. Please use the add/remove methods instead. If you're using a plugin that causes this warning, please upgrade to the latest version and report an issue if the warning persists. To disable these warnings, set -Dmaven.project.sourceRoots.warningsDisabled=true on the command line, in the .mvn/maven.config file, or in project POM properties.
2026-03-03 17:18:08,999 [Worker-37: Building] INFO  o.a.m.s.f.DefaultMavenResourcesFiltering - Copying 1 resource from src/main/resources to target/classes
2026-03-03 17:18:09,003 [Worker-37: Building] INFO  o.a.m.s.f.DefaultMavenResourcesFiltering - Copying 0 resource from src/main/resources to target/classes
2026-03-03 17:18:09,005 [Worker-37: Building] INFO  o.a.m.s.f.DefaultMavenResourcesFiltering - skip non existing resourceDirectory /Users/pankajkumar/Desktop/drive/project/WonderVerse/wonderverse-backend/src/test/resources
2026-03-03 17:18:09,010 [Worker-37: Building] WARN  o.apache.maven.project.MavenProject - Direct modification of compileSourceRoots through clear() is deprecated and will not work in Maven 4.0.0. Please use the add/remove methods instead. If you're using a plugin that causes this warning, please upgrade to the latest version and report an issue if the warning persists. To disable these warnings, set -Dmaven.project.sourceRoots.warningsDisabled=true on the command line, in the .mvn/maven.config file, or in project POM properties.
2026-03-03 17:18:09,011 [Worker-37: Building] WARN  o.apache.maven.project.MavenProject - Direct modification of compileSourceRoots through add() is deprecated and will not work in Maven 4.0.0. Please use the add/remove methods instead. If you're using a plugin that causes this warning, please upgrade to the latest version and report an issue if the warning persists. To disable these warnings, set -Dmaven.project.sourceRoots.warningsDisabled=true on the command line, in the .mvn/maven.config file, or in project POM properties.
2026-03-03 17:18:09,011 [Worker-37: Building] WARN  o.apache.maven.project.MavenProject - Direct modification of testCompileSourceRoots through clear() is deprecated and will not work in Maven 4.0.0. Please use the add/remove methods instead. If you're using a plugin that causes this warning, please upgrade to the latest version and report an issue if the warning persists. To disable these warnings, set -Dmaven.project.sourceRoots.warningsDisabled=true on the command line, in the .mvn/maven.config file, or in project POM properties.
2026-03-03 17:18:09,011 [Worker-37: Building] WARN  o.apache.maven.project.MavenProject - Direct modification of testCompileSourceRoots through add() is deprecated and will not work in Maven 4.0.0. Please use the add/remove methods instead. If you're using a plugin that causes this warning, please upgrade to the latest version and report an issue if the warning persists. To disable these warnings, set -Dmaven.project.sourceRoots.warningsDisabled=true on the command line, in the .mvn/maven.config file, or in project POM properties.
2026-03-03 17:18:22,239 [Worker-34: Building] INFO  o.a.m.s.f.DefaultMavenResourcesFiltering - Copying 1 resource from src/main/resources to target/classes
2026-03-03 17:18:22,242 [Worker-34: Building] INFO  o.a.m.s.f.DefaultMavenResourcesFiltering - Copying 0 resource from src/main/resources to target/classes
2026-03-03 17:18:22,247 [Worker-34: Building] INFO  o.a.m.s.f.DefaultMavenResourcesFiltering - skip non existing resourceDirectory /Users/pankajkumar/Desktop/drive/project/WonderVerse/wonderverse-backend/src/test/resources
2026-03-03 17:18:22,250 [Worker-34: Building] WARN  o.apache.maven.project.MavenProject - Direct modification of compileSourceRoots through clear() is deprecated and will not work in Maven 4.0.0. Please use the add/remove methods instead. If you're using a plugin that causes this warning, please upgrade to the latest version and report an issue if the warning persists. To disable these warnings, set -Dmaven.project.sourceRoots.warningsDisabled=true on the command line, in the .mvn/maven.config file, or in project POM properties.
2026-03-03 17:18:22,255 [Worker-34: Building] WARN  o.apache.maven.project.MavenProject - Direct modification of compileSourceRoots through add() is deprecated and will not work in Maven 4.0.0. Please use the add/remove methods instead. If you're using a plugin that causes this warning, please upgrade to the latest version and report an issue if the warning persists. To disable these warnings, set -Dmaven.project.sourceRoots.warningsDisabled=true on the command line, in the .mvn/maven.config file, or in project POM properties.
2026-03-03 17:18:22,255 [Worker-34: Building] WARN  o.apache.maven.project.MavenProject - Direct modification of testCompileSourceRoots through clear() is deprecated and will not work in Maven 4.0.0. Please use the add/remove methods instead. If you're using a plugin that causes this warning, please upgrade to the latest version and report an issue if the warning persists. To disable these warnings, set -Dmaven.project.sourceRoots.warningsDisabled=true on the command line, in the .mvn/maven.config file, or in project POM properties.
2026-03-03 17:18:22,255 [Worker-34: Building] WARN  o.apache.maven.project.MavenProject - Direct modification of testCompileSourceRoots through add() is deprecated and will not work in Maven 4.0.0. Please use the add/remove methods instead. If you're using a plugin that causes this warning, please upgrade to the latest version and report an issue if the warning persists. To disable these warnings, set -Dmaven.project.sourceRoots.warningsDisabled=true on the command line, in the .mvn/maven.config file, or in project POM properties.
2026-03-03 17:18:33,568 [Worker-36: Building] INFO  o.a.m.s.f.DefaultMavenResourcesFiltering - Copying 1 resource from src/main/resources to target/classes
2026-03-03 17:18:33,569 [Worker-36: Building] INFO  o.a.m.s.f.DefaultMavenResourcesFiltering - Copying 0 resource from src/main/resources to target/classes
2026-03-03 17:18:33,570 [Worker-36: Building] INFO  o.a.m.s.f.DefaultMavenResourcesFiltering - skip non existing resourceDirectory /Users/pankajkumar/Desktop/drive/project/WonderVerse/wonderverse-backend/src/test/resources
2026-03-03 17:18:33,571 [Worker-36: Building] WARN  o.apache.maven.project.MavenProject - Direct modification of compileSourceRoots through clear() is deprecated and will not work in Maven 4.0.0. Please use the add/remove methods instead. If you're using a plugin that causes this warning, please upgrade to the latest version and report an issue if the warning persists. To disable these warnings, set -Dmaven.project.sourceRoots.warningsDisabled=true on the command line, in the .mvn/maven.config file, or in project POM properties.
2026-03-03 17:18:33,571 [Worker-36: Building] WARN  o.apache.maven.project.MavenProject - Direct modification of compileSourceRoots through add() is deprecated and will not work in Maven 4.0.0. Please use the add/remove methods instead. If you're using a plugin that causes this warning, please upgrade to the latest version and report an issue if the warning persists. To disable these warnings, set -Dmaven.project.sourceRoots.warningsDisabled=true on the command line, in the .mvn/maven.config file, or in project POM properties.
2026-03-03 17:18:33,571 [Worker-36: Building] WARN  o.apache.maven.project.MavenProject - Direct modification of testCompileSourceRoots through clear() is deprecated and will not work in Maven 4.0.0. Please use the add/remove methods instead. If you're using a plugin that causes this warning, please upgrade to the latest version and report an issue if the warning persists. To disable these warnings, set -Dmaven.project.sourceRoots.warningsDisabled=true on the command line, in the .mvn/maven.config file, or in project POM properties.
2026-03-03 17:18:33,571 [Worker-36: Building] WARN  o.apache.maven.project.MavenProject - Direct modification of testCompileSourceRoots through add() is deprecated and will not work in Maven 4.0.0. Please use the add/remove methods instead. If you're using a plugin that causes this warning, please upgrade to the latest version and report an issue if the warning persists. To disable these warnings, set -Dmaven.project.sourceRoots.warningsDisabled=true on the command line, in the .mvn/maven.config file, or in project POM properties.
2026-03-03 17:19:31,236 [Worker-40: Building] INFO  o.a.m.s.f.DefaultMavenResourcesFiltering - Copying 1 resource from src/main/resources to target/classes
2026-03-03 17:19:31,240 [Worker-40: Building] INFO  o.a.m.s.f.DefaultMavenResourcesFiltering - Copying 0 resource from src/main/resources to target/classes
2026-03-03 17:19:31,242 [Worker-40: Building] INFO  o.a.m.s.f.DefaultMavenResourcesFiltering - skip non existing resourceDirectory /Users/pankajkumar/Desktop/drive/project/WonderVerse/wonderverse-backend/src/test/resources
2026-03-03 17:19:31,242 [Worker-40: Building] WARN  o.apache.maven.project.MavenProject - Direct modification of compileSourceRoots through clear() is deprecated and will not work in Maven 4.0.0. Please use the add/remove methods instead. If you're using a plugin that causes this warning, please upgrade to the latest version and report an issue if the warning persists. To disable these warnings, set -Dmaven.project.sourceRoots.warningsDisabled=true on the command line, in the .mvn/maven.config file, or in project POM properties.
2026-03-03 17:19:31,243 [Worker-40: Building] WARN  o.apache.maven.project.MavenProject - Direct modification of compileSourceRoots through add() is deprecated and will not work in Maven 4.0.0. Please use the add/remove methods instead. If you're using a plugin that causes this warning, please upgrade to the latest version and report an issue if the warning persists. To disable these warnings, set -Dmaven.project.sourceRoots.warningsDisabled=true on the command line, in the .mvn/maven.config file, or in project POM properties.
2026-03-03 17:19:31,243 [Worker-40: Building] WARN  o.apache.maven.project.MavenProject - Direct modification of testCompileSourceRoots through clear() is deprecated and will not work in Maven 4.0.0. Please use the add/remove methods instead. If you're using a plugin that causes this warning, please upgrade to the latest version and report an issue if the warning persists. To disable these warnings, set -Dmaven.project.sourceRoots.warningsDisabled=true on the command line, in the .mvn/maven.config file, or in project POM properties.
2026-03-03 17:19:31,243 [Worker-40: Building] WARN  o.apache.maven.project.MavenProject - Direct modification of testCompileSourceRoots through add() is deprecated and will not work in Maven 4.0.0. Please use the add/remove methods instead. If you're using a plugin that causes this warning, please upgrade to the latest version and report an issue if the warning persists. To disable these warnings, set -Dmaven.project.sourceRoots.warningsDisabled=true on the command line, in the .mvn/maven.config file, or in project POM properties.
2026-03-03 17:19:40,002 [Worker-40: Building] INFO  o.a.m.s.f.DefaultMavenResourcesFiltering - Copying 1 resource from src/main/resources to target/classes
2026-03-03 17:19:40,006 [Worker-40: Building] INFO  o.a.m.s.f.DefaultMavenResourcesFiltering - Copying 0 resource from src/main/resources to target/classes
2026-03-03 17:19:40,008 [Worker-40: Building] INFO  o.a.m.s.f.DefaultMavenResourcesFiltering - skip non existing resourceDirectory /Users/pankajkumar/Desktop/drive/project/WonderVerse/wonderverse-backend/src/test/resources
2026-03-03 17:19:40,008 [Worker-40: Building] WARN  o.apache.maven.project.MavenProject - Direct modification of compileSourceRoots through clear() is deprecated and will not work in Maven 4.0.0. Please use the add/remove methods instead. If you're using a plugin that causes this warning, please upgrade to the latest version and report an issue if the warning persists. To disable these warnings, set -Dmaven.project.sourceRoots.warningsDisabled=true on the command line, in the .mvn/maven.config file, or in project POM properties.
2026-03-03 17:19:40,008 [Worker-40: Building] WARN  o.apache.maven.project.MavenProject - Direct modification of compileSourceRoots through add() is deprecated and will not work in Maven 4.0.0. Please use the add/remove methods instead. If you're using a plugin that causes this warning, please upgrade to the latest version and report an issue if the warning persists. To disable these warnings, set -Dmaven.project.sourceRoots.warningsDisabled=true on the command line, in the .mvn/maven.config file, or in project POM properties.
2026-03-03 17:19:40,008 [Worker-40: Building] WARN  o.apache.maven.project.MavenProject - Direct modification of testCompileSourceRoots through clear() is deprecated and will not work in Maven 4.0.0. Please use the add/remove methods instead. If you're using a plugin that causes this warning, please upgrade to the latest version and report an issue if the warning persists. To disable these warnings, set -Dmaven.project.sourceRoots.warningsDisabled=true on the command line, in the .mvn/maven.config file, or in project POM properties.
2026-03-03 17:19:40,008 [Worker-40: Building] WARN  o.apache.maven.project.MavenProject - Direct modification of testCompileSourceRoots through add() is deprecated and will not work in Maven 4.0.0. Please use the add/remove methods instead. If you're using a plugin that causes this warning, please upgrade to the latest version and report an issue if the warning persists. To disable these warnings, set -Dmaven.project.sourceRoots.warningsDisabled=true on the command line, in the .mvn/maven.config file, or in project POM properties.
2026-03-03 17:20:28,298 [Worker-34: Building] INFO  o.a.m.s.f.DefaultMavenResourcesFiltering - Copying 1 resource from src/main/resources to target/classes
2026-03-03 17:20:28,302 [Worker-34: Building] INFO  o.a.m.s.f.DefaultMavenResourcesFiltering - Copying 0 resource from src/main/resources to target/classes
2026-03-03 17:20:28,304 [Worker-34: Building] INFO  o.a.m.s.f.DefaultMavenResourcesFiltering - skip non existing resourceDirectory /Users/pankajkumar/Desktop/drive/project/WonderVerse/wonderverse-backend/src/test/resources
2026-03-03 17:20:28,304 [Worker-34: Building] WARN  o.apache.maven.project.MavenProject - Direct modification of compileSourceRoots through clear() is deprecated and will not work in Maven 4.0.0. Please use the add/remove methods instead. If you're using a plugin that causes this warning, please upgrade to the latest version and report an issue if the warning persists. To disable these warnings, set -Dmaven.project.sourceRoots.warningsDisabled=true on the command line, in the .mvn/maven.config file, or in project POM properties.
2026-03-03 17:20:28,305 [Worker-34: Building] WARN  o.apache.maven.project.MavenProject - Direct modification of compileSourceRoots through add() is deprecated and will not work in Maven 4.0.0. Please use the add/remove methods instead. If you're using a plugin that causes this warning, please upgrade to the latest version and report an issue if the warning persists. To disable these warnings, set -Dmaven.project.sourceRoots.warningsDisabled=true on the command line, in the .mvn/maven.config file, or in project POM properties.
2026-03-03 17:20:28,305 [Worker-34: Building] WARN  o.apache.maven.project.MavenProject - Direct modification of testCompileSourceRoots through clear() is deprecated and will not work in Maven 4.0.0. Please use the add/remove methods instead. If you're using a plugin that causes this warning, please upgrade to the latest version and report an issue if the warning persists. To disable these warnings, set -Dmaven.project.sourceRoots.warningsDisabled=true on the command line, in the .mvn/maven.config file, or in project POM properties.
2026-03-03 17:20:28,305 [Worker-34: Building] WARN  o.apache.maven.project.MavenProject - Direct modification of testCompileSourceRoots through add() is deprecated and will not work in Maven 4.0.0. Please use the add/remove methods instead. If you're using a plugin that causes this warning, please upgrade to the latest version and report an issue if the warning persists. To disable these warnings, set -Dmaven.project.sourceRoots.warningsDisabled=true on the command line, in the .mvn/maven.config file, or in project POM properties.
2026-03-03 17:20:35,630 [Worker-39: Building] INFO  o.a.m.s.f.DefaultMavenResourcesFiltering - Copying 1 resource from src/main/resources to target/classes
2026-03-03 17:20:35,632 [Worker-39: Building] INFO  o.a.m.s.f.DefaultMavenResourcesFiltering - Copying 0 resource from src/main/resources to target/classes
2026-03-03 17:20:35,633 [Worker-39: Building] INFO  o.a.m.s.f.DefaultMavenResourcesFiltering - skip non existing resourceDirectory /Users/pankajkumar/Desktop/drive/project/WonderVerse/wonderverse-backend/src/test/resources
2026-03-03 17:20:35,634 [Worker-39: Building] WARN  o.apache.maven.project.MavenProject - Direct modification of compileSourceRoots through clear() is deprecated and will not work in Maven 4.0.0. Please use the add/remove methods instead. If you're using a plugin that causes this warning, please upgrade to the latest version and report an issue if the warning persists. To disable these warnings, set -Dmaven.project.sourceRoots.warningsDisabled=true on the command line, in the .mvn/maven.config file, or in project POM properties.
2026-03-03 17:20:35,634 [Worker-39: Building] WARN  o.apache.maven.project.MavenProject - Direct modification of compileSourceRoots through add() is deprecated and will not work in Maven 4.0.0. Please use the add/remove methods instead. If you're using a plugin that causes this warning, please upgrade to the latest version and report an issue if the warning persists. To disable these warnings, set -Dmaven.project.sourceRoots.warningsDisabled=true on the command line, in the .mvn/maven.config file, or in project POM properties.
2026-03-03 17:20:35,634 [Worker-39: Building] WARN  o.apache.maven.project.MavenProject - Direct modification of testCompileSourceRoots through clear() is deprecated and will not work in Maven 4.0.0. Please use the add/remove methods instead. If you're using a plugin that causes this warning, please upgrade to the latest version and report an issue if the warning persists. To disable these warnings, set -Dmaven.project.sourceRoots.warningsDisabled=true on the command line, in the .mvn/maven.config file, or in project POM properties.
2026-03-03 17:20:35,634 [Worker-39: Building] WARN  o.apache.maven.project.MavenProject - Direct modification of testCompileSourceRoots through add() is deprecated and will not work in Maven 4.0.0. Please use the add/remove methods instead. If you're using a plugin that causes this warning, please upgrade to the latest version and report an issue if the warning persists. To disable these warnings, set -Dmaven.project.sourceRoots.warningsDisabled=true on the command line, in the .mvn/maven.config file, or in project POM properties.
2026-03-03 17:21:04,261 [Worker-37: Building] INFO  o.a.m.s.f.DefaultMavenResourcesFiltering - Copying 1 resource from src/main/resources to target/classes
2026-03-03 17:21:04,263 [Worker-37: Building] INFO  o.a.m.s.f.DefaultMavenResourcesFiltering - Copying 0 resource from src/main/resources to target/classes
2026-03-03 17:21:04,265 [Worker-37: Building] INFO  o.a.m.s.f.DefaultMavenResourcesFiltering - skip non existing resourceDirectory /Users/pankajkumar/Desktop/drive/project/WonderVerse/wonderverse-backend/src/test/resources
2026-03-03 17:21:04,265 [Worker-37: Building] WARN  o.apache.maven.project.MavenProject - Direct modification of compileSourceRoots through clear() is deprecated and will not work in Maven 4.0.0. Please use the add/remove methods instead. If you're using a plugin that causes this warning, please upgrade to the latest version and report an issue if the warning persists. To disable these warnings, set -Dmaven.project.sourceRoots.warningsDisabled=true on the command line, in the .mvn/maven.config file, or in project POM properties.
2026-03-03 17:21:04,265 [Worker-37: Building] WARN  o.apache.maven.project.MavenProject - Direct modification of compileSourceRoots through add() is deprecated and will not work in Maven 4.0.0. Please use the add/remove methods instead. If you're using a plugin that causes this warning, please upgrade to the latest version and report an issue if the warning persists. To disable these warnings, set -Dmaven.project.sourceRoots.warningsDisabled=true on the command line, in the .mvn/maven.config file, or in project POM properties.
2026-03-03 17:21:04,265 [Worker-37: Building] WARN  o.apache.maven.project.MavenProject - Direct modification of testCompileSourceRoots through clear() is deprecated and will not work in Maven 4.0.0. Please use the add/remove methods instead. If you're using a plugin that causes this warning, please upgrade to the latest version and report an issue if the warning persists. To disable these warnings, set -Dmaven.project.sourceRoots.warningsDisabled=true on the command line, in the .mvn/maven.config file, or in project POM properties.
2026-03-03 17:21:04,266 [Worker-37: Building] WARN  o.apache.maven.project.MavenProject - Direct modification of testCompileSourceRoots through add() is deprecated and will not work in Maven 4.0.0. Please use the add/remove methods instead. If you're using a plugin that causes this warning, please upgrade to the latest version and report an issue if the warning persists. To disable these warnings, set -Dmaven.project.sourceRoots.warningsDisabled=true on the command line, in the .mvn/maven.config file, or in project POM properties.
2026-03-03 17:21:10,802 [Worker-36: Building] INFO  o.a.m.s.f.DefaultMavenResourcesFiltering - Copying 1 resource from src/main/resources to target/classes
2026-03-03 17:21:10,804 [Worker-36: Building] INFO  o.a.m.s.f.DefaultMavenResourcesFiltering - Copying 0 resource from src/main/resources to target/classes
2026-03-03 17:21:10,805 [Worker-36: Building] INFO  o.a.m.s.f.DefaultMavenResourcesFiltering - skip non existing resourceDirectory /Users/pankajkumar/Desktop/drive/project/WonderVerse/wonderverse-backend/src/test/resources
2026-03-03 17:21:10,806 [Worker-36: Building] WARN  o.apache.maven.project.MavenProject - Direct modification of compileSourceRoots through clear() is deprecated and will not work in Maven 4.0.0. Please use the add/remove methods instead. If you're using a plugin that causes this warning, please upgrade to the latest version and report an issue if the warning persists. To disable these warnings, set -Dmaven.project.sourceRoots.warningsDisabled=true on the command line, in the .mvn/maven.config file, or in project POM properties.
2026-03-03 17:21:10,806 [Worker-36: Building] WARN  o.apache.maven.project.MavenProject - Direct modification of compileSourceRoots through add() is deprecated and will not work in Maven 4.0.0. Please use the add/remove methods instead. If you're using a plugin that causes this warning, please upgrade to the latest version and report an issue if the warning persists. To disable these warnings, set -Dmaven.project.sourceRoots.warningsDisabled=true on the command line, in the .mvn/maven.config file, or in project POM properties.
2026-03-03 17:21:10,806 [Worker-36: Building] WARN  o.apache.maven.project.MavenProject - Direct modification of testCompileSourceRoots through clear() is deprecated and will not work in Maven 4.0.0. Please use the add/remove methods instead. If you're using a plugin that causes this warning, please upgrade to the latest version and report an issue if the warning persists. To disable these warnings, set -Dmaven.project.sourceRoots.warningsDisabled=true on the command line, in the .mvn/maven.config file, or in project POM properties.
2026-03-03 17:21:10,806 [Worker-36: Building] WARN  o.apache.maven.project.MavenProject - Direct modification of testCompileSourceRoots through add() is deprecated and will not work in Maven 4.0.0. Please use the add/remove methods instead. If you're using a plugin that causes this warning, please upgrade to the latest version and report an issue if the warning persists. To disable these warnings, set -Dmaven.project.sourceRoots.warningsDisabled=true on the command line, in the .mvn/maven.config file, or in project POM properties.
2026-03-03 17:21:51,590 [Worker-34: Building] INFO  o.a.m.s.f.DefaultMavenResourcesFiltering - Copying 1 resource from src/main/resources to target/classes
2026-03-03 17:21:51,592 [Worker-34: Building] INFO  o.a.m.s.f.DefaultMavenResourcesFiltering - Copying 0 resource from src/main/resources to target/classes
2026-03-03 17:21:51,594 [Worker-34: Building] INFO  o.a.m.s.f.DefaultMavenResourcesFiltering - skip non existing resourceDirectory /Users/pankajkumar/Desktop/drive/project/WonderVerse/wonderverse-backend/src/test/resources
2026-03-03 17:21:51,594 [Worker-34: Building] WARN  o.apache.maven.project.MavenProject - Direct modification of compileSourceRoots through clear() is deprecated and will not work in Maven 4.0.0. Please use the add/remove methods instead. If you're using a plugin that causes this warning, please upgrade to the latest version and report an issue if the warning persists. To disable these warnings, set -Dmaven.project.sourceRoots.warningsDisabled=true on the command line, in the .mvn/maven.config file, or in project POM properties.
2026-03-03 17:21:51,595 [Worker-34: Building] WARN  o.apache.maven.project.MavenProject - Direct modification of compileSourceRoots through add() is deprecated and will not work in Maven 4.0.0. Please use the add/remove methods instead. If you're using a plugin that causes this warning, please upgrade to the latest version and report an issue if the warning persists. To disable these warnings, set -Dmaven.project.sourceRoots.warningsDisabled=true on the command line, in the .mvn/maven.config file, or in project POM properties.
2026-03-03 17:21:51,595 [Worker-34: Building] WARN  o.apache.maven.project.MavenProject - Direct modification of testCompileSourceRoots through clear() is deprecated and will not work in Maven 4.0.0. Please use the add/remove methods instead. If you're using a plugin that causes this warning, please upgrade to the latest version and report an issue if the warning persists. To disable these warnings, set -Dmaven.project.sourceRoots.warningsDisabled=true on the command line, in the .mvn/maven.config file, or in project POM properties.
2026-03-03 17:21:51,595 [Worker-34: Building] WARN  o.apache.maven.project.MavenProject - Direct modification of testCompileSourceRoots through add() is deprecated and will not work in Maven 4.0.0. Please use the add/remove methods instead. If you're using a plugin that causes this warning, please upgrade to the latest version and report an issue if the warning persists. To disable these warnings, set -Dmaven.project.sourceRoots.warningsDisabled=true on the command line, in the .mvn/maven.config file, or in project POM properties.
2026-03-03 17:21:58,662 [Worker-41: Building] INFO  o.a.m.s.f.DefaultMavenResourcesFiltering - Copying 1 resource from src/main/resources to target/classes
2026-03-03 17:21:58,664 [Worker-41: Building] INFO  o.a.m.s.f.DefaultMavenResourcesFiltering - Copying 0 resource from src/main/resources to target/classes
2026-03-03 17:21:58,666 [Worker-41: Building] INFO  o.a.m.s.f.DefaultMavenResourcesFiltering - skip non existing resourceDirectory /Users/pankajkumar/Desktop/drive/project/WonderVerse/wonderverse-backend/src/test/resources
2026-03-03 17:21:58,666 [Worker-41: Building] WARN  o.apache.maven.project.MavenProject - Direct modification of compileSourceRoots through clear() is deprecated and will not work in Maven 4.0.0. Please use the add/remove methods instead. If you're using a plugin that causes this warning, please upgrade to the latest version and report an issue if the warning persists. To disable these warnings, set -Dmaven.project.sourceRoots.warningsDisabled=true on the command line, in the .mvn/maven.config file, or in project POM properties.
2026-03-03 17:21:58,666 [Worker-41: Building] WARN  o.apache.maven.project.MavenProject - Direct modification of compileSourceRoots through add() is deprecated and will not work in Maven 4.0.0. Please use the add/remove methods instead. If you're using a plugin that causes this warning, please upgrade to the latest version and report an issue if the warning persists. To disable these warnings, set -Dmaven.project.sourceRoots.warningsDisabled=true on the command line, in the .mvn/maven.config file, or in project POM properties.
2026-03-03 17:21:58,666 [Worker-41: Building] WARN  o.apache.maven.project.MavenProject - Direct modification of testCompileSourceRoots through clear() is deprecated and will not work in Maven 4.0.0. Please use the add/remove methods instead. If you're using a plugin that causes this warning, please upgrade to the latest version and report an issue if the warning persists. To disable these warnings, set -Dmaven.project.sourceRoots.warningsDisabled=true on the command line, in the .mvn/maven.config file, or in project POM properties.
2026-03-03 17:21:58,666 [Worker-41: Building] WARN  o.apache.maven.project.MavenProject - Direct modification of testCompileSourceRoots through add() is deprecated and will not work in Maven 4.0.0. Please use the add/remove methods instead. If you're using a plugin that causes this warning, please upgrade to the latest version and report an issue if the warning persists. To disable these warnings, set -Dmaven.project.sourceRoots.warningsDisabled=true on the command line, in the .mvn/maven.config file, or in project POM properties.
2026-03-03 17:23:05,456 [Worker-37: Building] INFO  o.a.m.s.f.DefaultMavenResourcesFiltering - Copying 1 resource from src/main/resources to target/classes
2026-03-03 17:23:05,461 [Worker-37: Building] INFO  o.a.m.s.f.DefaultMavenResourcesFiltering - Copying 0 resource from src/main/resources to target/classes
2026-03-03 17:23:05,463 [Worker-37: Building] INFO  o.a.m.s.f.DefaultMavenResourcesFiltering - skip non existing resourceDirectory /Users/pankajkumar/Desktop/drive/project/WonderVerse/wonderverse-backend/src/test/resources
2026-03-03 17:23:05,464 [Worker-37: Building] WARN  o.apache.maven.project.MavenProject - Direct modification of compileSourceRoots through clear() is deprecated and will not work in Maven 4.0.0. Please use the add/remove methods instead. If you're using a plugin that causes this warning, please upgrade to the latest version and report an issue if the warning persists. To disable these warnings, set -Dmaven.project.sourceRoots.warningsDisabled=true on the command line, in the .mvn/maven.config file, or in project POM properties.
2026-03-03 17:23:05,465 [Worker-37: Building] WARN  o.apache.maven.project.MavenProject - Direct modification of compileSourceRoots through add() is deprecated and will not work in Maven 4.0.0. Please use the add/remove methods instead. If you're using a plugin that causes this warning, please upgrade to the latest version and report an issue if the warning persists. To disable these warnings, set -Dmaven.project.sourceRoots.warningsDisabled=true on the command line, in the .mvn/maven.config file, or in project POM properties.
2026-03-03 17:23:05,465 [Worker-37: Building] WARN  o.apache.maven.project.MavenProject - Direct modification of testCompileSourceRoots through clear() is deprecated and will not work in Maven 4.0.0. Please use the add/remove methods instead. If you're using a plugin that causes this warning, please upgrade to the latest version and report an issue if the warning persists. To disable these warnings, set -Dmaven.project.sourceRoots.warningsDisabled=true on the command line, in the .mvn/maven.config file, or in project POM properties.
2026-03-03 17:23:05,466 [Worker-37: Building] WARN  o.apache.maven.project.MavenProject - Direct modification of testCompileSourceRoots through add() is deprecated and will not work in Maven 4.0.0. Please use the add/remove methods instead. If you're using a plugin that causes this warning, please upgrade to the latest version and report an issue if the warning persists. To disable these warnings, set -Dmaven.project.sourceRoots.warningsDisabled=true on the command line, in the .mvn/maven.config file, or in project POM properties.
2026-03-03 17:23:20,822 [Worker-34: Building] INFO  o.a.m.s.f.DefaultMavenResourcesFiltering - Copying 1 resource from src/main/resources to target/classes
2026-03-03 17:23:20,825 [Worker-34: Building] INFO  o.a.m.s.f.DefaultMavenResourcesFiltering - Copying 0 resource from src/main/resources to target/classes
2026-03-03 17:23:20,827 [Worker-34: Building] INFO  o.a.m.s.f.DefaultMavenResourcesFiltering - skip non existing resourceDirectory /Users/pankajkumar/Desktop/drive/project/WonderVerse/wonderverse-backend/src/test/resources
2026-03-03 17:23:20,827 [Worker-34: Building] WARN  o.apache.maven.project.MavenProject - Direct modification of compileSourceRoots through clear() is deprecated and will not work in Maven 4.0.0. Please use the add/remove methods instead. If you're using a plugin that causes this warning, please upgrade to the latest version and report an issue if the warning persists. To disable these warnings, set -Dmaven.project.sourceRoots.warningsDisabled=true on the command line, in the .mvn/maven.config file, or in project POM properties.
2026-03-03 17:23:20,827 [Worker-34: Building] WARN  o.apache.maven.project.MavenProject - Direct modification of compileSourceRoots through add() is deprecated and will not work in Maven 4.0.0. Please use the add/remove methods instead. If you're using a plugin that causes this warning, please upgrade to the latest version and report an issue if the warning persists. To disable these warnings, set -Dmaven.project.sourceRoots.warningsDisabled=true on the command line, in the .mvn/maven.config file, or in project POM properties.
2026-03-03 17:23:20,827 [Worker-34: Building] WARN  o.apache.maven.project.MavenProject - Direct modification of testCompileSourceRoots through clear() is deprecated and will not work in Maven 4.0.0. Please use the add/remove methods instead. If you're using a plugin that causes this warning, please upgrade to the latest version and report an issue if the warning persists. To disable these warnings, set -Dmaven.project.sourceRoots.warningsDisabled=true on the command line, in the .mvn/maven.config file, or in project POM properties.
2026-03-03 17:23:20,828 [Worker-34: Building] WARN  o.apache.maven.project.MavenProject - Direct modification of testCompileSourceRoots through add() is deprecated and will not work in Maven 4.0.0. Please use the add/remove methods instead. If you're using a plugin that causes this warning, please upgrade to the latest version and report an issue if the warning persists. To disable these warnings, set -Dmaven.project.sourceRoots.warningsDisabled=true on the command line, in the .mvn/maven.config file, or in project POM properties.
2026-03-03 17:24:30,194 [Worker-37: Building] INFO  o.a.m.s.f.DefaultMavenResourcesFiltering - Copying 1 resource from src/main/resources to target/classes
2026-03-03 17:24:30,196 [Worker-37: Building] INFO  o.a.m.s.f.DefaultMavenResourcesFiltering - Copying 0 resource from src/main/resources to target/classes
2026-03-03 17:24:30,198 [Worker-37: Building] INFO  o.a.m.s.f.DefaultMavenResourcesFiltering - skip non existing resourceDirectory /Users/pankajkumar/Desktop/drive/project/WonderVerse/wonderverse-backend/src/test/resources
2026-03-03 17:24:30,199 [Worker-37: Building] WARN  o.apache.maven.project.MavenProject - Direct modification of compileSourceRoots through clear() is deprecated and will not work in Maven 4.0.0. Please use the add/remove methods instead. If you're using a plugin that causes this warning, please upgrade to the latest version and report an issue if the warning persists. To disable these warnings, set -Dmaven.project.sourceRoots.warningsDisabled=true on the command line, in the .mvn/maven.config file, or in project POM properties.
2026-03-03 17:24:30,199 [Worker-37: Building] WARN  o.apache.maven.project.MavenProject - Direct modification of compileSourceRoots through add() is deprecated and will not work in Maven 4.0.0. Please use the add/remove methods instead. If you're using a plugin that causes this warning, please upgrade to the latest version and report an issue if the warning persists. To disable these warnings, set -Dmaven.project.sourceRoots.warningsDisabled=true on the command line, in the .mvn/maven.config file, or in project POM properties.
2026-03-03 17:24:30,200 [Worker-37: Building] WARN  o.apache.maven.project.MavenProject - Direct modification of testCompileSourceRoots through clear() is deprecated and will not work in Maven 4.0.0. Please use the add/remove methods instead. If you're using a plugin that causes this warning, please upgrade to the latest version and report an issue if the warning persists. To disable these warnings, set -Dmaven.project.sourceRoots.warningsDisabled=true on the command line, in the .mvn/maven.config file, or in project POM properties.
2026-03-03 17:24:30,200 [Worker-37: Building] WARN  o.apache.maven.project.MavenProject - Direct modification of testCompileSourceRoots through add() is deprecated and will not work in Maven 4.0.0. Please use the add/remove methods instead. If you're using a plugin that causes this warning, please upgrade to the latest version and report an issue if the warning persists. To disable these warnings, set -Dmaven.project.sourceRoots.warningsDisabled=true on the command line, in the .mvn/maven.config file, or in project POM properties.
2026-03-03 17:24:39,016 [Worker-37: Building] INFO  o.a.m.s.f.DefaultMavenResourcesFiltering - Copying 1 resource from src/main/resources to target/classes
2026-03-03 17:24:39,021 [Worker-37: Building] INFO  o.a.m.s.f.DefaultMavenResourcesFiltering - Copying 0 resource from src/main/resources to target/classes
2026-03-03 17:24:39,022 [Worker-37: Building] INFO  o.a.m.s.f.DefaultMavenResourcesFiltering - skip non existing resourceDirectory /Users/pankajkumar/Desktop/drive/project/WonderVerse/wonderverse-backend/src/test/resources
2026-03-03 17:24:39,022 [Worker-37: Building] WARN  o.apache.maven.project.MavenProject - Direct modification of compileSourceRoots through clear() is deprecated and will not work in Maven 4.0.0. Please use the add/remove methods instead. If you're using a plugin that causes this warning, please upgrade to the latest version and report an issue if the warning persists. To disable these warnings, set -Dmaven.project.sourceRoots.warningsDisabled=true on the command line, in the .mvn/maven.config file, or in project POM properties.
2026-03-03 17:24:39,023 [Worker-37: Building] WARN  o.apache.maven.project.MavenProject - Direct modification of compileSourceRoots through add() is deprecated and will not work in Maven 4.0.0. Please use the add/remove methods instead. If you're using a plugin that causes this warning, please upgrade to the latest version and report an issue if the warning persists. To disable these warnings, set -Dmaven.project.sourceRoots.warningsDisabled=true on the command line, in the .mvn/maven.config file, or in project POM properties.
2026-03-03 17:24:39,023 [Worker-37: Building] WARN  o.apache.maven.project.MavenProject - Direct modification of testCompileSourceRoots through clear() is deprecated and will not work in Maven 4.0.0. Please use the add/remove methods instead. If you're using a plugin that causes this warning, please upgrade to the latest version and report an issue if the warning persists. To disable these warnings, set -Dmaven.project.sourceRoots.warningsDisabled=true on the command line, in the .mvn/maven.config file, or in project POM properties.
2026-03-03 17:24:39,023 [Worker-37: Building] WARN  o.apache.maven.project.MavenProject - Direct modification of testCompileSourceRoots through add() is deprecated and will not work in Maven 4.0.0. Please use the add/remove methods instead. If you're using a plugin that causes this warning, please upgrade to the latest version and report an issue if the warning persists. To disable these warnings, set -Dmaven.project.sourceRoots.warningsDisabled=true on the command line, in the .mvn/maven.config file, or in project POM properties.
2026-03-03 17:26:32,292 [Worker-36: Building] INFO  o.a.m.s.f.DefaultMavenResourcesFiltering - Copying 1 resource from src/main/resources to target/classes
2026-03-03 17:26:32,299 [Worker-36: Building] INFO  o.a.m.s.f.DefaultMavenResourcesFiltering - Copying 0 resource from src/main/resources to target/classes
2026-03-03 17:26:32,301 [Worker-36: Building] INFO  o.a.m.s.f.DefaultMavenResourcesFiltering - skip non existing resourceDirectory /Users/pankajkumar/Desktop/drive/project/WonderVerse/wonderverse-backend/src/test/resources
2026-03-03 17:26:32,301 [Worker-36: Building] WARN  o.apache.maven.project.MavenProject - Direct modification of compileSourceRoots through clear() is deprecated and will not work in Maven 4.0.0. Please use the add/remove methods instead. If you're using a plugin that causes this warning, please upgrade to the latest version and report an issue if the warning persists. To disable these warnings, set -Dmaven.project.sourceRoots.warningsDisabled=true on the command line, in the .mvn/maven.config file, or in project POM properties.
2026-03-03 17:26:32,302 [Worker-36: Building] WARN  o.apache.maven.project.MavenProject - Direct modification of compileSourceRoots through add() is deprecated and will not work in Maven 4.0.0. Please use the add/remove methods instead. If you're using a plugin that causes this warning, please upgrade to the latest version and report an issue if the warning persists. To disable these warnings, set -Dmaven.project.sourceRoots.warningsDisabled=true on the command line, in the .mvn/maven.config file, or in project POM properties.
2026-03-03 17:26:32,302 [Worker-36: Building] WARN  o.apache.maven.project.MavenProject - Direct modification of testCompileSourceRoots through clear() is deprecated and will not work in Maven 4.0.0. Please use the add/remove methods instead. If you're using a plugin that causes this warning, please upgrade to the latest version and report an issue if the warning persists. To disable these warnings, set -Dmaven.project.sourceRoots.warningsDisabled=true on the command line, in the .mvn/maven.config file, or in project POM properties.
2026-03-03 17:26:32,302 [Worker-36: Building] WARN  o.apache.maven.project.MavenProject - Direct modification of testCompileSourceRoots through add() is deprecated and will not work in Maven 4.0.0. Please use the add/remove methods instead. If you're using a plugin that causes this warning, please upgrade to the latest version and report an issue if the warning persists. To disable these warnings, set -Dmaven.project.sourceRoots.warningsDisabled=true on the command line, in the .mvn/maven.config file, or in project POM properties.
2026-03-03 17:26:49,851 [Worker-34: Building] INFO  o.a.m.s.f.DefaultMavenResourcesFiltering - Copying 1 resource from src/main/resources to target/classes
2026-03-03 17:26:49,856 [Worker-34: Building] INFO  o.a.m.s.f.DefaultMavenResourcesFiltering - Copying 0 resource from src/main/resources to target/classes
2026-03-03 17:26:49,857 [Worker-34: Building] INFO  o.a.m.s.f.DefaultMavenResourcesFiltering - skip non existing resourceDirectory /Users/pankajkumar/Desktop/drive/project/WonderVerse/wonderverse-backend/src/test/resources
2026-03-03 17:26:49,857 [Worker-34: Building] WARN  o.apache.maven.project.MavenProject - Direct modification of compileSourceRoots through clear() is deprecated and will not work in Maven 4.0.0. Please use the add/remove methods instead. If you're using a plugin that causes this warning, please upgrade to the latest version and report an issue if the warning persists. To disable these warnings, set -Dmaven.project.sourceRoots.warningsDisabled=true on the command line, in the .mvn/maven.config file, or in project POM properties.
2026-03-03 17:26:49,858 [Worker-34: Building] WARN  o.apache.maven.project.MavenProject - Direct modification of compileSourceRoots through add() is deprecated and will not work in Maven 4.0.0. Please use the add/remove methods instead. If you're using a plugin that causes this warning, please upgrade to the latest version and report an issue if the warning persists. To disable these warnings, set -Dmaven.project.sourceRoots.warningsDisabled=true on the command line, in the .mvn/maven.config file, or in project POM properties.
2026-03-03 17:26:49,858 [Worker-34: Building] WARN  o.apache.maven.project.MavenProject - Direct modification of testCompileSourceRoots through clear() is deprecated and will not work in Maven 4.0.0. Please use the add/remove methods instead. If you're using a plugin that causes this warning, please upgrade to the latest version and report an issue if the warning persists. To disable these warnings, set -Dmaven.project.sourceRoots.warningsDisabled=true on the command line, in the .mvn/maven.config file, or in project POM properties.
2026-03-03 17:26:49,858 [Worker-34: Building] WARN  o.apache.maven.project.MavenProject - Direct modification of testCompileSourceRoots through add() is deprecated and will not work in Maven 4.0.0. Please use the add/remove methods instead. If you're using a plugin that causes this warning, please upgrade to the latest version and report an issue if the warning persists. To disable these warnings, set -Dmaven.project.sourceRoots.warningsDisabled=true on the command line, in the .mvn/maven.config file, or in project POM properties.
2026-03-03 17:27:08,804 [Worker-39: Building] INFO  o.a.m.s.f.DefaultMavenResourcesFiltering - Copying 1 resource from src/main/resources to target/classes
2026-03-03 17:27:08,809 [Worker-39: Building] INFO  o.a.m.s.f.DefaultMavenResourcesFiltering - Copying 0 resource from src/main/resources to target/classes
2026-03-03 17:27:08,810 [Worker-39: Building] INFO  o.a.m.s.f.DefaultMavenResourcesFiltering - skip non existing resourceDirectory /Users/pankajkumar/Desktop/drive/project/WonderVerse/wonderverse-backend/src/test/resources
2026-03-03 17:27:08,811 [Worker-39: Building] WARN  o.apache.maven.project.MavenProject - Direct modification of compileSourceRoots through clear() is deprecated and will not work in Maven 4.0.0. Please use the add/remove methods instead. If you're using a plugin that causes this warning, please upgrade to the latest version and report an issue if the warning persists. To disable these warnings, set -Dmaven.project.sourceRoots.warningsDisabled=true on the command line, in the .mvn/maven.config file, or in project POM properties.
2026-03-03 17:27:08,812 [Worker-39: Building] WARN  o.apache.maven.project.MavenProject - Direct modification of compileSourceRoots through add() is deprecated and will not work in Maven 4.0.0. Please use the add/remove methods instead. If you're using a plugin that causes this warning, please upgrade to the latest version and report an issue if the warning persists. To disable these warnings, set -Dmaven.project.sourceRoots.warningsDisabled=true on the command line, in the .mvn/maven.config file, or in project POM properties.
2026-03-03 17:27:08,812 [Worker-39: Building] WARN  o.apache.maven.project.MavenProject - Direct modification of testCompileSourceRoots through clear() is deprecated and will not work in Maven 4.0.0. Please use the add/remove methods instead. If you're using a plugin that causes this warning, please upgrade to the latest version and report an issue if the warning persists. To disable these warnings, set -Dmaven.project.sourceRoots.warningsDisabled=true on the command line, in the .mvn/maven.config file, or in project POM properties.
2026-03-03 17:27:08,812 [Worker-39: Building] WARN  o.apache.maven.project.MavenProject - Direct modification of testCompileSourceRoots through add() is deprecated and will not work in Maven 4.0.0. Please use the add/remove methods instead. If you're using a plugin that causes this warning, please upgrade to the latest version and report an issue if the warning persists. To disable these warnings, set -Dmaven.project.sourceRoots.warningsDisabled=true on the command line, in the .mvn/maven.config file, or in project POM properties.
2026-03-03 17:27:17,885 [Worker-40: Building] INFO  o.a.m.s.f.DefaultMavenResourcesFiltering - Copying 1 resource from src/main/resources to target/classes
2026-03-03 17:27:17,888 [Worker-40: Building] INFO  o.a.m.s.f.DefaultMavenResourcesFiltering - Copying 0 resource from src/main/resources to target/classes
2026-03-03 17:27:17,889 [Worker-40: Building] INFO  o.a.m.s.f.DefaultMavenResourcesFiltering - skip non existing resourceDirectory /Users/pankajkumar/Desktop/drive/project/WonderVerse/wonderverse-backend/src/test/resources
2026-03-03 17:27:17,889 [Worker-40: Building] WARN  o.apache.maven.project.MavenProject - Direct modification of compileSourceRoots through clear() is deprecated and will not work in Maven 4.0.0. Please use the add/remove methods instead. If you're using a plugin that causes this warning, please upgrade to the latest version and report an issue if the warning persists. To disable these warnings, set -Dmaven.project.sourceRoots.warningsDisabled=true on the command line, in the .mvn/maven.config file, or in project POM properties.
2026-03-03 17:27:17,890 [Worker-40: Building] WARN  o.apache.maven.project.MavenProject - Direct modification of compileSourceRoots through add() is deprecated and will not work in Maven 4.0.0. Please use the add/remove methods instead. If you're using a plugin that causes this warning, please upgrade to the latest version and report an issue if the warning persists. To disable these warnings, set -Dmaven.project.sourceRoots.warningsDisabled=true on the command line, in the .mvn/maven.config file, or in project POM properties.
2026-03-03 17:27:17,890 [Worker-40: Building] WARN  o.apache.maven.project.MavenProject - Direct modification of testCompileSourceRoots through clear() is deprecated and will not work in Maven 4.0.0. Please use the add/remove methods instead. If you're using a plugin that causes this warning, please upgrade to the latest version and report an issue if the warning persists. To disable these warnings, set -Dmaven.project.sourceRoots.warningsDisabled=true on the command line, in the .mvn/maven.config file, or in project POM properties.
2026-03-03 17:27:17,890 [Worker-40: Building] WARN  o.apache.maven.project.MavenProject - Direct modification of testCompileSourceRoots through add() is deprecated and will not work in Maven 4.0.0. Please use the add/remove methods instead. If you're using a plugin that causes this warning, please upgrade to the latest version and report an issue if the warning persists. To disable these warnings, set -Dmaven.project.sourceRoots.warningsDisabled=true on the command line, in the .mvn/maven.config file, or in project POM properties.
2026-03-03 17:27:37,889 [Worker-34: Building] INFO  o.a.m.s.f.DefaultMavenResourcesFiltering - Copying 1 resource from src/main/resources to target/classes
2026-03-03 17:27:37,892 [Worker-34: Building] INFO  o.a.m.s.f.DefaultMavenResourcesFiltering - Copying 0 resource from src/main/resources to target/classes
2026-03-03 17:27:37,893 [Worker-34: Building] INFO  o.a.m.s.f.DefaultMavenResourcesFiltering - skip non existing resourceDirectory /Users/pankajkumar/Desktop/drive/project/WonderVerse/wonderverse-backend/src/test/resources
2026-03-03 17:27:37,893 [Worker-34: Building] WARN  o.apache.maven.project.MavenProject - Direct modification of compileSourceRoots through clear() is deprecated and will not work in Maven 4.0.0. Please use the add/remove methods instead. If you're using a plugin that causes this warning, please upgrade to the latest version and report an issue if the warning persists. To disable these warnings, set -Dmaven.project.sourceRoots.warningsDisabled=true on the command line, in the .mvn/maven.config file, or in project POM properties.
2026-03-03 17:27:37,894 [Worker-34: Building] WARN  o.apache.maven.project.MavenProject - Direct modification of compileSourceRoots through add() is deprecated and will not work in Maven 4.0.0. Please use the add/remove methods instead. If you're using a plugin that causes this warning, please upgrade to the latest version and report an issue if the warning persists. To disable these warnings, set -Dmaven.project.sourceRoots.warningsDisabled=true on the command line, in the .mvn/maven.config file, or in project POM properties.
2026-03-03 17:27:37,894 [Worker-34: Building] WARN  o.apache.maven.project.MavenProject - Direct modification of testCompileSourceRoots through clear() is deprecated and will not work in Maven 4.0.0. Please use the add/remove methods instead. If you're using a plugin that causes this warning, please upgrade to the latest version and report an issue if the warning persists. To disable these warnings, set -Dmaven.project.sourceRoots.warningsDisabled=true on the command line, in the .mvn/maven.config file, or in project POM properties.
2026-03-03 17:27:37,894 [Worker-34: Building] WARN  o.apache.maven.project.MavenProject - Direct modification of testCompileSourceRoots through add() is deprecated and will not work in Maven 4.0.0. Please use the add/remove methods instead. If you're using a plugin that causes this warning, please upgrade to the latest version and report an issue if the warning persists. To disable these warnings, set -Dmaven.project.sourceRoots.warningsDisabled=true on the command line, in the .mvn/maven.config file, or in project POM properties.
2026-03-03 17:27:41,687 [Worker-39: Building] INFO  o.a.m.s.f.DefaultMavenResourcesFiltering - Copying 1 resource from src/main/resources to target/classes
2026-03-03 17:27:41,688 [Worker-39: Building] INFO  o.a.m.s.f.DefaultMavenResourcesFiltering - Copying 0 resource from src/main/resources to target/classes
2026-03-03 17:27:41,689 [Worker-39: Building] INFO  o.a.m.s.f.DefaultMavenResourcesFiltering - skip non existing resourceDirectory /Users/pankajkumar/Desktop/drive/project/WonderVerse/wonderverse-backend/src/test/resources
2026-03-03 17:27:41,689 [Worker-39: Building] WARN  o.apache.maven.project.MavenProject - Direct modification of compileSourceRoots through clear() is deprecated and will not work in Maven 4.0.0. Please use the add/remove methods instead. If you're using a plugin that causes this warning, please upgrade to the latest version and report an issue if the warning persists. To disable these warnings, set -Dmaven.project.sourceRoots.warningsDisabled=true on the command line, in the .mvn/maven.config file, or in project POM properties.
2026-03-03 17:27:41,690 [Worker-39: Building] WARN  o.apache.maven.project.MavenProject - Direct modification of compileSourceRoots through add() is deprecated and will not work in Maven 4.0.0. Please use the add/remove methods instead. If you're using a plugin that causes this warning, please upgrade to the latest version and report an issue if the warning persists. To disable these warnings, set -Dmaven.project.sourceRoots.warningsDisabled=true on the command line, in the .mvn/maven.config file, or in project POM properties.
2026-03-03 17:27:41,690 [Worker-39: Building] WARN  o.apache.maven.project.MavenProject - Direct modification of testCompileSourceRoots through clear() is deprecated and will not work in Maven 4.0.0. Please use the add/remove methods instead. If you're using a plugin that causes this warning, please upgrade to the latest version and report an issue if the warning persists. To disable these warnings, set -Dmaven.project.sourceRoots.warningsDisabled=true on the command line, in the .mvn/maven.config file, or in project POM properties.
2026-03-03 17:27:41,690 [Worker-39: Building] WARN  o.apache.maven.project.MavenProject - Direct modification of testCompileSourceRoots through add() is deprecated and will not work in Maven 4.0.0. Please use the add/remove methods instead. If you're using a plugin that causes this warning, please upgrade to the latest version and report an issue if the warning persists. To disable these warnings, set -Dmaven.project.sourceRoots.warningsDisabled=true on the command line, in the .mvn/maven.config file, or in project POM properties.
2026-03-03 17:27:47,609 [Worker-36: Building] INFO  o.a.m.s.f.DefaultMavenResourcesFiltering - Copying 1 resource from src/main/resources to target/classes
2026-03-03 17:27:47,610 [Worker-36: Building] INFO  o.a.m.s.f.DefaultMavenResourcesFiltering - Copying 0 resource from src/main/resources to target/classes
2026-03-03 17:27:47,611 [Worker-36: Building] INFO  o.a.m.s.f.DefaultMavenResourcesFiltering - skip non existing resourceDirectory /Users/pankajkumar/Desktop/drive/project/WonderVerse/wonderverse-backend/src/test/resources
2026-03-03 17:27:47,612 [Worker-36: Building] WARN  o.apache.maven.project.MavenProject - Direct modification of compileSourceRoots through clear() is deprecated and will not work in Maven 4.0.0. Please use the add/remove methods instead. If you're using a plugin that causes this warning, please upgrade to the latest version and report an issue if the warning persists. To disable these warnings, set -Dmaven.project.sourceRoots.warningsDisabled=true on the command line, in the .mvn/maven.config file, or in project POM properties.
2026-03-03 17:27:47,612 [Worker-36: Building] WARN  o.apache.maven.project.MavenProject - Direct modification of compileSourceRoots through add() is deprecated and will not work in Maven 4.0.0. Please use the add/remove methods instead. If you're using a plugin that causes this warning, please upgrade to the latest version and report an issue if the warning persists. To disable these warnings, set -Dmaven.project.sourceRoots.warningsDisabled=true on the command line, in the .mvn/maven.config file, or in project POM properties.
2026-03-03 17:27:47,612 [Worker-36: Building] WARN  o.apache.maven.project.MavenProject - Direct modification of testCompileSourceRoots through clear() is deprecated and will not work in Maven 4.0.0. Please use the add/remove methods instead. If you're using a plugin that causes this warning, please upgrade to the latest version and report an issue if the warning persists. To disable these warnings, set -Dmaven.project.sourceRoots.warningsDisabled=true on the command line, in the .mvn/maven.config file, or in project POM properties.
2026-03-03 17:27:47,612 [Worker-36: Building] WARN  o.apache.maven.project.MavenProject - Direct modification of testCompileSourceRoots through add() is deprecated and will not work in Maven 4.0.0. Please use the add/remove methods instead. If you're using a plugin that causes this warning, please upgrade to the latest version and report an issue if the warning persists. To disable these warnings, set -Dmaven.project.sourceRoots.warningsDisabled=true on the command line, in the .mvn/maven.config file, or in project POM properties.
2026-03-03 17:27:54,375 [Worker-41: Building] INFO  o.a.m.s.f.DefaultMavenResourcesFiltering - Copying 1 resource from src/main/resources to target/classes
2026-03-03 17:27:54,376 [Worker-41: Building] INFO  o.a.m.s.f.DefaultMavenResourcesFiltering - Copying 0 resource from src/main/resources to target/classes
2026-03-03 17:27:54,377 [Worker-41: Building] INFO  o.a.m.s.f.DefaultMavenResourcesFiltering - skip non existing resourceDirectory /Users/pankajkumar/Desktop/drive/project/WonderVerse/wonderverse-backend/src/test/resources
2026-03-03 17:27:54,377 [Worker-41: Building] WARN  o.apache.maven.project.MavenProject - Direct modification of compileSourceRoots through clear() is deprecated and will not work in Maven 4.0.0. Please use the add/remove methods instead. If you're using a plugin that causes this warning, please upgrade to the latest version and report an issue if the warning persists. To disable these warnings, set -Dmaven.project.sourceRoots.warningsDisabled=true on the command line, in the .mvn/maven.config file, or in project POM properties.
2026-03-03 17:27:54,377 [Worker-41: Building] WARN  o.apache.maven.project.MavenProject - Direct modification of compileSourceRoots through add() is deprecated and will not work in Maven 4.0.0. Please use the add/remove methods instead. If you're using a plugin that causes this warning, please upgrade to the latest version and report an issue if the warning persists. To disable these warnings, set -Dmaven.project.sourceRoots.warningsDisabled=true on the command line, in the .mvn/maven.config file, or in project POM properties.
2026-03-03 17:27:54,378 [Worker-41: Building] WARN  o.apache.maven.project.MavenProject - Direct modification of testCompileSourceRoots through clear() is deprecated and will not work in Maven 4.0.0. Please use the add/remove methods instead. If you're using a plugin that causes this warning, please upgrade to the latest version and report an issue if the warning persists. To disable these warnings, set -Dmaven.project.sourceRoots.warningsDisabled=true on the command line, in the .mvn/maven.config file, or in project POM properties.
2026-03-03 17:27:54,378 [Worker-41: Building] WARN  o.apache.maven.project.MavenProject - Direct modification of testCompileSourceRoots through add() is deprecated and will not work in Maven 4.0.0. Please use the add/remove methods instead. If you're using a plugin that causes this warning, please upgrade to the latest version and report an issue if the warning persists. To disable these warnings, set -Dmaven.project.sourceRoots.warningsDisabled=true on the command line, in the .mvn/maven.config file, or in project POM properties.
2026-03-03 17:28:05,836 [Worker-34: Building] INFO  o.a.m.s.f.DefaultMavenResourcesFiltering - Copying 1 resource from src/main/resources to target/classes
2026-03-03 17:28:05,838 [Worker-34: Building] INFO  o.a.m.s.f.DefaultMavenResourcesFiltering - Copying 0 resource from src/main/resources to target/classes
2026-03-03 17:28:05,839 [Worker-34: Building] INFO  o.a.m.s.f.DefaultMavenResourcesFiltering - skip non existing resourceDirectory /Users/pankajkumar/Desktop/drive/project/WonderVerse/wonderverse-backend/src/test/resources
2026-03-03 17:28:05,839 [Worker-34: Building] WARN  o.apache.maven.project.MavenProject - Direct modification of compileSourceRoots through clear() is deprecated and will not work in Maven 4.0.0. Please use the add/remove methods instead. If you're using a plugin that causes this warning, please upgrade to the latest version and report an issue if the warning persists. To disable these warnings, set -Dmaven.project.sourceRoots.warningsDisabled=true on the command line, in the .mvn/maven.config file, or in project POM properties.
2026-03-03 17:28:05,840 [Worker-34: Building] WARN  o.apache.maven.project.MavenProject - Direct modification of compileSourceRoots through add() is deprecated and will not work in Maven 4.0.0. Please use the add/remove methods instead. If you're using a plugin that causes this warning, please upgrade to the latest version and report an issue if the warning persists. To disable these warnings, set -Dmaven.project.sourceRoots.warningsDisabled=true on the command line, in the .mvn/maven.config file, or in project POM properties.
2026-03-03 17:28:05,840 [Worker-34: Building] WARN  o.apache.maven.project.MavenProject - Direct modification of testCompileSourceRoots through clear() is deprecated and will not work in Maven 4.0.0. Please use the add/remove methods instead. If you're using a plugin that causes this warning, please upgrade to the latest version and report an issue if the warning persists. To disable these warnings, set -Dmaven.project.sourceRoots.warningsDisabled=true on the command line, in the .mvn/maven.config file, or in project POM properties.
2026-03-03 17:28:05,840 [Worker-34: Building] WARN  o.apache.maven.project.MavenProject - Direct modification of testCompileSourceRoots through add() is deprecated and will not work in Maven 4.0.0. Please use the add/remove methods instead. If you're using a plugin that causes this warning, please upgrade to the latest version and report an issue if the warning persists. To disable these warnings, set -Dmaven.project.sourceRoots.warningsDisabled=true on the command line, in the .mvn/maven.config file, or in project POM properties.
2026-03-03 17:28:12,725 [Worker-41: Building] INFO  o.a.m.s.f.DefaultMavenResourcesFiltering - Copying 1 resource from src/main/resources to target/classes
2026-03-03 17:28:12,727 [Worker-41: Building] INFO  o.a.m.s.f.DefaultMavenResourcesFiltering - Copying 0 resource from src/main/resources to target/classes
2026-03-03 17:28:12,728 [Worker-41: Building] INFO  o.a.m.s.f.DefaultMavenResourcesFiltering - skip non existing resourceDirectory /Users/pankajkumar/Desktop/drive/project/WonderVerse/wonderverse-backend/src/test/resources
2026-03-03 17:28:12,729 [Worker-41: Building] WARN  o.apache.maven.project.MavenProject - Direct modification of compileSourceRoots through clear() is deprecated and will not work in Maven 4.0.0. Please use the add/remove methods instead. If you're using a plugin that causes this warning, please upgrade to the latest version and report an issue if the warning persists. To disable these warnings, set -Dmaven.project.sourceRoots.warningsDisabled=true on the command line, in the .mvn/maven.config file, or in project POM properties.
2026-03-03 17:28:12,729 [Worker-41: Building] WARN  o.apache.maven.project.MavenProject - Direct modification of compileSourceRoots through add() is deprecated and will not work in Maven 4.0.0. Please use the add/remove methods instead. If you're using a plugin that causes this warning, please upgrade to the latest version and report an issue if the warning persists. To disable these warnings, set -Dmaven.project.sourceRoots.warningsDisabled=true on the command line, in the .mvn/maven.config file, or in project POM properties.
2026-03-03 17:28:12,729 [Worker-41: Building] WARN  o.apache.maven.project.MavenProject - Direct modification of testCompileSourceRoots through clear() is deprecated and will not work in Maven 4.0.0. Please use the add/remove methods instead. If you're using a plugin that causes this warning, please upgrade to the latest version and report an issue if the warning persists. To disable these warnings, set -Dmaven.project.sourceRoots.warningsDisabled=true on the command line, in the .mvn/maven.config file, or in project POM properties.
2026-03-03 17:28:12,729 [Worker-41: Building] WARN  o.apache.maven.project.MavenProject - Direct modification of testCompileSourceRoots through add() is deprecated and will not work in Maven 4.0.0. Please use the add/remove methods instead. If you're using a plugin that causes this warning, please upgrade to the latest version and report an issue if the warning persists. To disable these warnings, set -Dmaven.project.sourceRoots.warningsDisabled=true on the command line, in the .mvn/maven.config file, or in project POM properties.
2026-03-03 17:28:22,299 [Worker-36: Building] INFO  o.a.m.s.f.DefaultMavenResourcesFiltering - Copying 1 resource from src/main/resources to target/classes
2026-03-03 17:28:22,301 [Worker-36: Building] INFO  o.a.m.s.f.DefaultMavenResourcesFiltering - Copying 0 resource from src/main/resources to target/classes
2026-03-03 17:28:22,302 [Worker-36: Building] INFO  o.a.m.s.f.DefaultMavenResourcesFiltering - skip non existing resourceDirectory /Users/pankajkumar/Desktop/drive/project/WonderVerse/wonderverse-backend/src/test/resources
2026-03-03 17:28:22,302 [Worker-36: Building] WARN  o.apache.maven.project.MavenProject - Direct modification of compileSourceRoots through clear() is deprecated and will not work in Maven 4.0.0. Please use the add/remove methods instead. If you're using a plugin that causes this warning, please upgrade to the latest version and report an issue if the warning persists. To disable these warnings, set -Dmaven.project.sourceRoots.warningsDisabled=true on the command line, in the .mvn/maven.config file, or in project POM properties.
2026-03-03 17:28:22,303 [Worker-36: Building] WARN  o.apache.maven.project.MavenProject - Direct modification of compileSourceRoots through add() is deprecated and will not work in Maven 4.0.0. Please use the add/remove methods instead. If you're using a plugin that causes this warning, please upgrade to the latest version and report an issue if the warning persists. To disable these warnings, set -Dmaven.project.sourceRoots.warningsDisabled=true on the command line, in the .mvn/maven.config file, or in project POM properties.
2026-03-03 17:28:22,303 [Worker-36: Building] WARN  o.apache.maven.project.MavenProject - Direct modification of testCompileSourceRoots through clear() is deprecated and will not work in Maven 4.0.0. Please use the add/remove methods instead. If you're using a plugin that causes this warning, please upgrade to the latest version and report an issue if the warning persists. To disable these warnings, set -Dmaven.project.sourceRoots.warningsDisabled=true on the command line, in the .mvn/maven.config file, or in project POM properties.
2026-03-03 17:28:22,303 [Worker-36: Building] WARN  o.apache.maven.project.MavenProject - Direct modification of testCompileSourceRoots through add() is deprecated and will not work in Maven 4.0.0. Please use the add/remove methods instead. If you're using a plugin that causes this warning, please upgrade to the latest version and report an issue if the warning persists. To disable these warnings, set -Dmaven.project.sourceRoots.warningsDisabled=true on the command line, in the .mvn/maven.config file, or in project POM properties.
2026-03-03 17:28:36,797 [Worker-37: Building] INFO  o.a.m.s.f.DefaultMavenResourcesFiltering - Copying 1 resource from src/main/resources to target/classes
2026-03-03 17:28:36,799 [Worker-37: Building] INFO  o.a.m.s.f.DefaultMavenResourcesFiltering - Copying 0 resource from src/main/resources to target/classes
2026-03-03 17:28:36,800 [Worker-37: Building] INFO  o.a.m.s.f.DefaultMavenResourcesFiltering - skip non existing resourceDirectory /Users/pankajkumar/Desktop/drive/project/WonderVerse/wonderverse-backend/src/test/resources
2026-03-03 17:28:36,801 [Worker-37: Building] WARN  o.apache.maven.project.MavenProject - Direct modification of compileSourceRoots through clear() is deprecated and will not work in Maven 4.0.0. Please use the add/remove methods instead. If you're using a plugin that causes this warning, please upgrade to the latest version and report an issue if the warning persists. To disable these warnings, set -Dmaven.project.sourceRoots.warningsDisabled=true on the command line, in the .mvn/maven.config file, or in project POM properties.
2026-03-03 17:28:36,801 [Worker-37: Building] WARN  o.apache.maven.project.MavenProject - Direct modification of compileSourceRoots through add() is deprecated and will not work in Maven 4.0.0. Please use the add/remove methods instead. If you're using a plugin that causes this warning, please upgrade to the latest version and report an issue if the warning persists. To disable these warnings, set -Dmaven.project.sourceRoots.warningsDisabled=true on the command line, in the .mvn/maven.config file, or in project POM properties.
2026-03-03 17:28:36,801 [Worker-37: Building] WARN  o.apache.maven.project.MavenProject - Direct modification of testCompileSourceRoots through clear() is deprecated and will not work in Maven 4.0.0. Please use the add/remove methods instead. If you're using a plugin that causes this warning, please upgrade to the latest version and report an issue if the warning persists. To disable these warnings, set -Dmaven.project.sourceRoots.warningsDisabled=true on the command line, in the .mvn/maven.config file, or in project POM properties.
2026-03-03 17:28:36,801 [Worker-37: Building] WARN  o.apache.maven.project.MavenProject - Direct modification of testCompileSourceRoots through add() is deprecated and will not work in Maven 4.0.0. Please use the add/remove methods instead. If you're using a plugin that causes this warning, please upgrade to the latest version and report an issue if the warning persists. To disable these warnings, set -Dmaven.project.sourceRoots.warningsDisabled=true on the command line, in the .mvn/maven.config file, or in project POM properties.
2026-03-03 17:28:52,190 [Worker-37: Building] INFO  o.a.m.s.f.DefaultMavenResourcesFiltering - Copying 1 resource from src/main/resources to target/classes
2026-03-03 17:28:52,192 [Worker-37: Building] INFO  o.a.m.s.f.DefaultMavenResourcesFiltering - Copying 0 resource from src/main/resources to target/classes
2026-03-03 17:28:52,193 [Worker-37: Building] INFO  o.a.m.s.f.DefaultMavenResourcesFiltering - skip non existing resourceDirectory /Users/pankajkumar/Desktop/drive/project/WonderVerse/wonderverse-backend/src/test/resources
2026-03-03 17:28:52,193 [Worker-37: Building] WARN  o.apache.maven.project.MavenProject - Direct modification of compileSourceRoots through clear() is deprecated and will not work in Maven 4.0.0. Please use the add/remove methods instead. If you're using a plugin that causes this warning, please upgrade to the latest version and report an issue if the warning persists. To disable these warnings, set -Dmaven.project.sourceRoots.warningsDisabled=true on the command line, in the .mvn/maven.config file, or in project POM properties.
2026-03-03 17:28:52,194 [Worker-37: Building] WARN  o.apache.maven.project.MavenProject - Direct modification of compileSourceRoots through add() is deprecated and will not work in Maven 4.0.0. Please use the add/remove methods instead. If you're using a plugin that causes this warning, please upgrade to the latest version and report an issue if the warning persists. To disable these warnings, set -Dmaven.project.sourceRoots.warningsDisabled=true on the command line, in the .mvn/maven.config file, or in project POM properties.
2026-03-03 17:28:52,194 [Worker-37: Building] WARN  o.apache.maven.project.MavenProject - Direct modification of testCompileSourceRoots through clear() is deprecated and will not work in Maven 4.0.0. Please use the add/remove methods instead. If you're using a plugin that causes this warning, please upgrade to the latest version and report an issue if the warning persists. To disable these warnings, set -Dmaven.project.sourceRoots.warningsDisabled=true on the command line, in the .mvn/maven.config file, or in project POM properties.
2026-03-03 17:28:52,194 [Worker-37: Building] WARN  o.apache.maven.project.MavenProject - Direct modification of testCompileSourceRoots through add() is deprecated and will not work in Maven 4.0.0. Please use the add/remove methods instead. If you're using a plugin that causes this warning, please upgrade to the latest version and report an issue if the warning persists. To disable these warnings, set -Dmaven.project.sourceRoots.warningsDisabled=true on the command line, in the .mvn/maven.config file, or in project POM properties.
2026-03-03 17:28:59,627 [Worker-36: Building] INFO  o.a.m.s.f.DefaultMavenResourcesFiltering - Copying 1 resource from src/main/resources to target/classes
2026-03-03 17:28:59,628 [Worker-36: Building] INFO  o.a.m.s.f.DefaultMavenResourcesFiltering - Copying 0 resource from src/main/resources to target/classes
2026-03-03 17:28:59,629 [Worker-36: Building] INFO  o.a.m.s.f.DefaultMavenResourcesFiltering - skip non existing resourceDirectory /Users/pankajkumar/Desktop/drive/project/WonderVerse/wonderverse-backend/src/test/resources
2026-03-03 17:28:59,630 [Worker-36: Building] WARN  o.apache.maven.project.MavenProject - Direct modification of compileSourceRoots through clear() is deprecated and will not work in Maven 4.0.0. Please use the add/remove methods instead. If you're using a plugin that causes this warning, please upgrade to the latest version and report an issue if the warning persists. To disable these warnings, set -Dmaven.project.sourceRoots.warningsDisabled=true on the command line, in the .mvn/maven.config file, or in project POM properties.
2026-03-03 17:28:59,630 [Worker-36: Building] WARN  o.apache.maven.project.MavenProject - Direct modification of compileSourceRoots through add() is deprecated and will not work in Maven 4.0.0. Please use the add/remove methods instead. If you're using a plugin that causes this warning, please upgrade to the latest version and report an issue if the warning persists. To disable these warnings, set -Dmaven.project.sourceRoots.warningsDisabled=true on the command line, in the .mvn/maven.config file, or in project POM properties.
2026-03-03 17:28:59,630 [Worker-36: Building] WARN  o.apache.maven.project.MavenProject - Direct modification of testCompileSourceRoots through clear() is deprecated and will not work in Maven 4.0.0. Please use the add/remove methods instead. If you're using a plugin that causes this warning, please upgrade to the latest version and report an issue if the warning persists. To disable these warnings, set -Dmaven.project.sourceRoots.warningsDisabled=true on the command line, in the .mvn/maven.config file, or in project POM properties.
2026-03-03 17:28:59,630 [Worker-36: Building] WARN  o.apache.maven.project.MavenProject - Direct modification of testCompileSourceRoots through add() is deprecated and will not work in Maven 4.0.0. Please use the add/remove methods instead. If you're using a plugin that causes this warning, please upgrade to the latest version and report an issue if the warning persists. To disable these warnings, set -Dmaven.project.sourceRoots.warningsDisabled=true on the command line, in the .mvn/maven.config file, or in project POM properties.
2026-03-03 17:29:59,124 [Worker-37: Building] INFO  o.a.m.s.f.DefaultMavenResourcesFiltering - Copying 1 resource from src/main/resources to target/classes
2026-03-03 17:29:59,130 [Worker-37: Building] INFO  o.a.m.s.f.DefaultMavenResourcesFiltering - Copying 0 resource from src/main/resources to target/classes
2026-03-03 17:29:59,132 [Worker-37: Building] INFO  o.a.m.s.f.DefaultMavenResourcesFiltering - skip non existing resourceDirectory /Users/pankajkumar/Desktop/drive/project/WonderVerse/wonderverse-backend/src/test/resources
2026-03-03 17:29:59,132 [Worker-37: Building] WARN  o.apache.maven.project.MavenProject - Direct modification of compileSourceRoots through clear() is deprecated and will not work in Maven 4.0.0. Please use the add/remove methods instead. If you're using a plugin that causes this warning, please upgrade to the latest version and report an issue if the warning persists. To disable these warnings, set -Dmaven.project.sourceRoots.warningsDisabled=true on the command line, in the .mvn/maven.config file, or in project POM properties.
2026-03-03 17:29:59,133 [Worker-37: Building] WARN  o.apache.maven.project.MavenProject - Direct modification of compileSourceRoots through add() is deprecated and will not work in Maven 4.0.0. Please use the add/remove methods instead. If you're using a plugin that causes this warning, please upgrade to the latest version and report an issue if the warning persists. To disable these warnings, set -Dmaven.project.sourceRoots.warningsDisabled=true on the command line, in the .mvn/maven.config file, or in project POM properties.
2026-03-03 17:29:59,133 [Worker-37: Building] WARN  o.apache.maven.project.MavenProject - Direct modification of testCompileSourceRoots through clear() is deprecated and will not work in Maven 4.0.0. Please use the add/remove methods instead. If you're using a plugin that causes this warning, please upgrade to the latest version and report an issue if the warning persists. To disable these warnings, set -Dmaven.project.sourceRoots.warningsDisabled=true on the command line, in the .mvn/maven.config file, or in project POM properties.
2026-03-03 17:29:59,133 [Worker-37: Building] WARN  o.apache.maven.project.MavenProject - Direct modification of testCompileSourceRoots through add() is deprecated and will not work in Maven 4.0.0. Please use the add/remove methods instead. If you're using a plugin that causes this warning, please upgrade to the latest version and report an issue if the warning persists. To disable these warnings, set -Dmaven.project.sourceRoots.warningsDisabled=true on the command line, in the .mvn/maven.config file, or in project POM properties.
2026-03-03 17:32:24,387 [Worker-40: Building] INFO  o.e.m.c.i.l.LifecycleMappingFactory - Using org.eclipse.m2e.jdt.JarLifecycleMapping lifecycle mapping for MavenProject: com.wonderverse:wonderverse-backend:0.0.1-SNAPSHOT @ /Users/pankajkumar/Desktop/drive/project/WonderVerse/wonderverse-backend/pom.xml.
2026-03-03 17:32:24,902 [Worker-40: Building] INFO  o.e.m.c.i.e.AbstractTransferListenerAdapter - Downloading https://repo.maven.apache.org/maven2/io/jsonwebtoken/jjwt-api/0.11.5/jjwt-api-0.11.5.pom
2026-03-03 17:32:24,904 [Worker-40: Building] INFO  o.e.m.c.i.e.AbstractTransferListenerAdapter - Downloaded https://repo.maven.apache.org/maven2/io/jsonwebtoken/jjwt-api/0.11.5/jjwt-api-0.11.5.pom
2026-03-03 17:32:24,966 [Worker-40: Building] INFO  o.e.m.c.i.e.AbstractTransferListenerAdapter - Downloading https://repo.maven.apache.org/maven2/io/jsonwebtoken/jjwt-root/0.11.5/jjwt-root-0.11.5.pom
2026-03-03 17:32:24,968 [Worker-40: Building] INFO  o.e.m.c.i.e.AbstractTransferListenerAdapter - Downloaded https://repo.maven.apache.org/maven2/io/jsonwebtoken/jjwt-root/0.11.5/jjwt-root-0.11.5.pom
2026-03-03 17:32:25,032 [Worker-40: Building] INFO  o.e.m.c.i.e.AbstractTransferListenerAdapter - Downloading https://repo.maven.apache.org/maven2/io/jsonwebtoken/jjwt-impl/0.11.5/jjwt-impl-0.11.5.pom
2026-03-03 17:32:25,033 [Worker-40: Building] INFO  o.e.m.c.i.e.AbstractTransferListenerAdapter - Downloaded https://repo.maven.apache.org/maven2/io/jsonwebtoken/jjwt-impl/0.11.5/jjwt-impl-0.11.5.pom
2026-03-03 17:32:25,100 [Worker-40: Building] INFO  o.e.m.c.i.e.AbstractTransferListenerAdapter - Downloading https://repo.maven.apache.org/maven2/io/jsonwebtoken/jjwt-jackson/0.11.5/jjwt-jackson-0.11.5.pom
2026-03-03 17:32:25,101 [Worker-40: Building] INFO  o.e.m.c.i.e.AbstractTransferListenerAdapter - Downloaded https://repo.maven.apache.org/maven2/io/jsonwebtoken/jjwt-jackson/0.11.5/jjwt-jackson-0.11.5.pom
2026-03-03 17:32:25,177 [Worker-40: Building] INFO  o.e.m.c.i.e.AbstractTransferListenerAdapter - Downloading https://repo.maven.apache.org/maven2/com/fasterxml/jackson/core/jackson-databind/2.20.2/jackson-databind-2.20.2.pom
2026-03-03 17:32:25,180 [Worker-40: Building] INFO  o.e.m.c.i.e.AbstractTransferListenerAdapter - Downloaded https://repo.maven.apache.org/maven2/com/fasterxml/jackson/core/jackson-databind/2.20.2/jackson-databind-2.20.2.pom
2026-03-03 17:32:25,243 [Worker-40: Building] INFO  o.e.m.c.i.e.AbstractTransferListenerAdapter - Downloading https://repo.maven.apache.org/maven2/com/fasterxml/jackson/jackson-base/2.20.2/jackson-base-2.20.2.pom
2026-03-03 17:32:25,245 [Worker-40: Building] INFO  o.e.m.c.i.e.AbstractTransferListenerAdapter - Downloaded https://repo.maven.apache.org/maven2/com/fasterxml/jackson/jackson-base/2.20.2/jackson-base-2.20.2.pom
2026-03-03 17:32:25,322 [Worker-40: Building] INFO  o.e.m.c.i.e.AbstractTransferListenerAdapter - Downloading https://repo.maven.apache.org/maven2/com/fasterxml/jackson/core/jackson-core/2.20.2/jackson-core-2.20.2.pom
2026-03-03 17:32:25,324 [Worker-40: Building] INFO  o.e.m.c.i.e.AbstractTransferListenerAdapter - Downloaded https://repo.maven.apache.org/maven2/com/fasterxml/jackson/core/jackson-core/2.20.2/jackson-core-2.20.2.pom
2026-03-03 17:32:25,414 [Worker-40: Building] INFO  o.e.m.c.i.e.AbstractTransferListenerAdapter - Downloading https://repo.maven.apache.org/maven2/io/jsonwebtoken/jjwt-api/0.11.5/jjwt-api-0.11.5.jar
2026-03-03 17:32:25,446 [Worker-40: Building] INFO  o.e.m.c.i.e.AbstractTransferListenerAdapter - Downloaded https://repo.maven.apache.org/maven2/io/jsonwebtoken/jjwt-api/0.11.5/jjwt-api-0.11.5.jar
2026-03-03 17:32:25,510 [BasicRepositoryConnector-repo.maven.apache.org-1-0] INFO  o.e.m.c.i.e.AbstractTransferListenerAdapter - Downloading https://repo.maven.apache.org/maven2/io/jsonwebtoken/jjwt-impl/0.11.5/jjwt-impl-0.11.5.jar
2026-03-03 17:32:25,539 [BasicRepositoryConnector-repo.maven.apache.org-1-0] INFO  o.e.m.c.i.e.AbstractTransferListenerAdapter - Downloaded https://repo.maven.apache.org/maven2/io/jsonwebtoken/jjwt-impl/0.11.5/jjwt-impl-0.11.5.jar
2026-03-03 17:32:25,683 [BasicRepositoryConnector-repo.maven.apache.org-1-3] INFO  o.e.m.c.i.e.AbstractTransferListenerAdapter - Downloading https://repo.maven.apache.org/maven2/com/fasterxml/jackson/core/jackson-core/2.20.2/jackson-core-2.20.2.jar
2026-03-03 17:32:25,691 [BasicRepositoryConnector-repo.maven.apache.org-1-1] INFO  o.e.m.c.i.e.AbstractTransferListenerAdapter - Downloading https://repo.maven.apache.org/maven2/io/jsonwebtoken/jjwt-jackson/0.11.5/jjwt-jackson-0.11.5.jar
2026-03-03 17:32:25,695 [BasicRepositoryConnector-repo.maven.apache.org-1-1] INFO  o.e.m.c.i.e.AbstractTransferListenerAdapter - Downloaded https://repo.maven.apache.org/maven2/io/jsonwebtoken/jjwt-jackson/0.11.5/jjwt-jackson-0.11.5.jar
2026-03-03 17:32:25,704 [BasicRepositoryConnector-repo.maven.apache.org-1-2] INFO  o.e.m.c.i.e.AbstractTransferListenerAdapter - Downloading https://repo.maven.apache.org/maven2/com/fasterxml/jackson/core/jackson-databind/2.20.2/jackson-databind-2.20.2.jar
2026-03-03 17:32:26,153 [BasicRepositoryConnector-repo.maven.apache.org-1-3] INFO  o.e.m.c.i.e.AbstractTransferListenerAdapter - Downloaded https://repo.maven.apache.org/maven2/com/fasterxml/jackson/core/jackson-core/2.20.2/jackson-core-2.20.2.jar
2026-03-03 17:32:26,727 [BasicRepositoryConnector-repo.maven.apache.org-1-2] INFO  o.e.m.c.i.e.AbstractTransferListenerAdapter - Downloaded https://repo.maven.apache.org/maven2/com/fasterxml/jackson/core/jackson-databind/2.20.2/jackson-databind-2.20.2.jar
2026-03-03 17:32:26,955 [Worker-40: Building] INFO  o.a.m.s.f.DefaultMavenResourcesFiltering - Copying 0 resource from src/main/resources to target/classes
2026-03-03 17:32:26,956 [Worker-40: Building] INFO  o.a.m.s.f.DefaultMavenResourcesFiltering - Copying 0 resource from src/main/resources to target/classes
2026-03-03 17:32:26,959 [Worker-40: Building] INFO  o.a.m.s.f.DefaultMavenResourcesFiltering - skip non existing resourceDirectory /Users/pankajkumar/Desktop/drive/project/WonderVerse/wonderverse-backend/src/test/resources
2026-03-03 17:32:26,966 [Worker-40: Building] WARN  o.apache.maven.project.MavenProject - Direct modification of compileSourceRoots through clear() is deprecated and will not work in Maven 4.0.0. Please use the add/remove methods instead. If you're using a plugin that causes this warning, please upgrade to the latest version and report an issue if the warning persists. To disable these warnings, set -Dmaven.project.sourceRoots.warningsDisabled=true on the command line, in the .mvn/maven.config file, or in project POM properties.
2026-03-03 17:32:26,966 [Worker-40: Building] WARN  o.apache.maven.project.MavenProject - Direct modification of compileSourceRoots through add() is deprecated and will not work in Maven 4.0.0. Please use the add/remove methods instead. If you're using a plugin that causes this warning, please upgrade to the latest version and report an issue if the warning persists. To disable these warnings, set -Dmaven.project.sourceRoots.warningsDisabled=true on the command line, in the .mvn/maven.config file, or in project POM properties.
2026-03-03 17:32:26,966 [Worker-40: Building] WARN  o.apache.maven.project.MavenProject - Direct modification of testCompileSourceRoots through clear() is deprecated and will not work in Maven 4.0.0. Please use the add/remove methods instead. If you're using a plugin that causes this warning, please upgrade to the latest version and report an issue if the warning persists. To disable these warnings, set -Dmaven.project.sourceRoots.warningsDisabled=true on the command line, in the .mvn/maven.config file, or in project POM properties.
2026-03-03 17:32:26,966 [Worker-40: Building] WARN  o.apache.maven.project.MavenProject - Direct modification of testCompileSourceRoots through add() is deprecated and will not work in Maven 4.0.0. Please use the add/remove methods instead. If you're using a plugin that causes this warning, please upgrade to the latest version and report an issue if the warning persists. To disable these warnings, set -Dmaven.project.sourceRoots.warningsDisabled=true on the command line, in the .mvn/maven.config file, or in project POM properties.
2026-03-03 17:32:28,079 [Worker-36: Building] INFO  o.a.m.s.f.DefaultMavenResourcesFiltering - Copying 1 resource from src/main/resources to target/classes
2026-03-03 17:32:28,088 [Worker-36: Building] INFO  o.a.m.s.f.DefaultMavenResourcesFiltering - Copying 0 resource from src/main/resources to target/classes
2026-03-03 17:32:28,089 [Worker-36: Building] INFO  o.a.m.s.f.DefaultMavenResourcesFiltering - skip non existing resourceDirectory /Users/pankajkumar/Desktop/drive/project/WonderVerse/wonderverse-backend/src/test/resources
2026-03-03 17:32:28,094 [Worker-36: Building] WARN  o.apache.maven.project.MavenProject - Direct modification of compileSourceRoots through clear() is deprecated and will not work in Maven 4.0.0. Please use the add/remove methods instead. If you're using a plugin that causes this warning, please upgrade to the latest version and report an issue if the warning persists. To disable these warnings, set -Dmaven.project.sourceRoots.warningsDisabled=true on the command line, in the .mvn/maven.config file, or in project POM properties.
2026-03-03 17:32:28,094 [Worker-36: Building] WARN  o.apache.maven.project.MavenProject - Direct modification of compileSourceRoots through add() is deprecated and will not work in Maven 4.0.0. Please use the add/remove methods instead. If you're using a plugin that causes this warning, please upgrade to the latest version and report an issue if the warning persists. To disable these warnings, set -Dmaven.project.sourceRoots.warningsDisabled=true on the command line, in the .mvn/maven.config file, or in project POM properties.
2026-03-03 17:32:28,094 [Worker-36: Building] WARN  o.apache.maven.project.MavenProject - Direct modification of testCompileSourceRoots through clear() is deprecated and will not work in Maven 4.0.0. Please use the add/remove methods instead. If you're using a plugin that causes this warning, please upgrade to the latest version and report an issue if the warning persists. To disable these warnings, set -Dmaven.project.sourceRoots.warningsDisabled=true on the command line, in the .mvn/maven.config file, or in project POM properties.
2026-03-03 17:32:28,095 [Worker-36: Building] WARN  o.apache.maven.project.MavenProject - Direct modification of testCompileSourceRoots through add() is deprecated and will not work in Maven 4.0.0. Please use the add/remove methods instead. If you're using a plugin that causes this warning, please upgrade to the latest version and report an issue if the warning persists. To disable these warnings, set -Dmaven.project.sourceRoots.warningsDisabled=true on the command line, in the .mvn/maven.config file, or in project POM properties.
2026-03-03 17:32:28,182 [Worker-39: Download sources and javadoc] INFO  o.e.m.c.i.e.AbstractTransferListenerAdapter - Downloading https://repo.maven.apache.org/maven2/io/jsonwebtoken/jjwt-api/0.11.5/jjwt-api-0.11.5-sources.jar
2026-03-03 17:32:28,257 [Worker-39: Download sources and javadoc] INFO  o.e.m.c.i.e.AbstractTransferListenerAdapter - Downloaded https://repo.maven.apache.org/maven2/io/jsonwebtoken/jjwt-api/0.11.5/jjwt-api-0.11.5-sources.jar
2026-03-03 17:32:28,258 [Worker-39: Download sources and javadoc] INFO  o.e.m.j.internal.DownloadSourcesJob - Downloaded sources for io.jsonwebtoken:jjwt-api:0.11.5
2026-03-03 17:32:28,491 [Worker-39: Download sources and javadoc] INFO  o.e.m.c.i.e.AbstractTransferListenerAdapter - Downloading https://repo.maven.apache.org/maven2/io/jsonwebtoken/jjwt-impl/0.11.5/jjwt-impl-0.11.5-sources.jar
2026-03-03 17:32:28,568 [Worker-39: Download sources and javadoc] INFO  o.e.m.c.i.e.AbstractTransferListenerAdapter - Downloaded https://repo.maven.apache.org/maven2/io/jsonwebtoken/jjwt-impl/0.11.5/jjwt-impl-0.11.5-sources.jar
2026-03-03 17:32:28,570 [Worker-39: Download sources and javadoc] INFO  o.e.m.j.internal.DownloadSourcesJob - Downloaded sources for io.jsonwebtoken:jjwt-impl:0.11.5
2026-03-03 17:32:28,807 [Worker-39: Download sources and javadoc] INFO  o.e.m.c.i.e.AbstractTransferListenerAdapter - Downloading https://repo.maven.apache.org/maven2/io/jsonwebtoken/jjwt-jackson/0.11.5/jjwt-jackson-0.11.5-sources.jar
2026-03-03 17:32:28,809 [Worker-39: Download sources and javadoc] INFO  o.e.m.c.i.e.AbstractTransferListenerAdapter - Downloaded https://repo.maven.apache.org/maven2/io/jsonwebtoken/jjwt-jackson/0.11.5/jjwt-jackson-0.11.5-sources.jar
2026-03-03 17:32:28,810 [Worker-39: Download sources and javadoc] INFO  o.e.m.j.internal.DownloadSourcesJob - Downloaded sources for io.jsonwebtoken:jjwt-jackson:0.11.5
2026-03-03 17:32:29,035 [Worker-39: Download sources and javadoc] INFO  o.e.m.c.i.e.AbstractTransferListenerAdapter - Downloading https://repo.maven.apache.org/maven2/com/fasterxml/jackson/core/jackson-databind/2.20.2/jackson-databind-2.20.2-sources.jar
2026-03-03 17:32:29,949 [Worker-39: Download sources and javadoc] INFO  o.e.m.c.i.e.AbstractTransferListenerAdapter - Downloaded https://repo.maven.apache.org/maven2/com/fasterxml/jackson/core/jackson-databind/2.20.2/jackson-databind-2.20.2-sources.jar
2026-03-03 17:32:29,950 [Worker-39: Download sources and javadoc] INFO  o.e.m.j.internal.DownloadSourcesJob - Downloaded sources for com.fasterxml.jackson.core:jackson-databind:2.20.2
2026-03-03 17:32:30,173 [Worker-39: Download sources and javadoc] INFO  o.e.m.c.i.e.AbstractTransferListenerAdapter - Downloading https://repo.maven.apache.org/maven2/com/fasterxml/jackson/core/jackson-core/2.20.2/jackson-core-2.20.2-sources.jar
2026-03-03 17:32:30,409 [Worker-39: Download sources and javadoc] INFO  o.e.m.c.i.e.AbstractTransferListenerAdapter - Downloaded https://repo.maven.apache.org/maven2/com/fasterxml/jackson/core/jackson-core/2.20.2/jackson-core-2.20.2-sources.jar
2026-03-03 17:32:30,410 [Worker-39: Download sources and javadoc] INFO  o.e.m.j.internal.DownloadSourcesJob - Downloaded sources for com.fasterxml.jackson.core:jackson-core:2.20.2
2026-03-03 17:33:02,583 [Worker-36: Building] INFO  o.e.m.c.i.l.LifecycleMappingFactory - Using org.eclipse.m2e.jdt.JarLifecycleMapping lifecycle mapping for MavenProject: com.wonderverse:wonderverse-backend:0.0.1-SNAPSHOT @ /Users/pankajkumar/Desktop/drive/project/WonderVerse/wonderverse-backend/pom.xml.
2026-03-03 17:33:02,954 [Worker-36: Building] INFO  o.a.m.s.f.DefaultMavenResourcesFiltering - Copying 0 resource from src/main/resources to target/classes
2026-03-03 17:33:02,955 [Worker-36: Building] INFO  o.a.m.s.f.DefaultMavenResourcesFiltering - Copying 0 resource from src/main/resources to target/classes
2026-03-03 17:33:02,959 [Worker-36: Building] INFO  o.a.m.s.f.DefaultMavenResourcesFiltering - skip non existing resourceDirectory /Users/pankajkumar/Desktop/drive/project/WonderVerse/wonderverse-backend/src/test/resources
2026-03-03 17:33:02,966 [Worker-36: Building] WARN  o.apache.maven.project.MavenProject - Direct modification of compileSourceRoots through clear() is deprecated and will not work in Maven 4.0.0. Please use the add/remove methods instead. If you're using a plugin that causes this warning, please upgrade to the latest version and report an issue if the warning persists. To disable these warnings, set -Dmaven.project.sourceRoots.warningsDisabled=true on the command line, in the .mvn/maven.config file, or in project POM properties.
2026-03-03 17:33:02,967 [Worker-36: Building] WARN  o.apache.maven.project.MavenProject - Direct modification of compileSourceRoots through add() is deprecated and will not work in Maven 4.0.0. Please use the add/remove methods instead. If you're using a plugin that causes this warning, please upgrade to the latest version and report an issue if the warning persists. To disable these warnings, set -Dmaven.project.sourceRoots.warningsDisabled=true on the command line, in the .mvn/maven.config file, or in project POM properties.
2026-03-03 17:33:02,967 [Worker-36: Building] WARN  o.apache.maven.project.MavenProject - Direct modification of testCompileSourceRoots through clear() is deprecated and will not work in Maven 4.0.0. Please use the add/remove methods instead. If you're using a plugin that causes this warning, please upgrade to the latest version and report an issue if the warning persists. To disable these warnings, set -Dmaven.project.sourceRoots.warningsDisabled=true on the command line, in the .mvn/maven.config file, or in project POM properties.
2026-03-03 17:33:02,967 [Worker-36: Building] WARN  o.apache.maven.project.MavenProject - Direct modification of testCompileSourceRoots through add() is deprecated and will not work in Maven 4.0.0. Please use the add/remove methods instead. If you're using a plugin that causes this warning, please upgrade to the latest version and report an issue if the warning persists. To disable these warnings, set -Dmaven.project.sourceRoots.warningsDisabled=true on the command line, in the .mvn/maven.config file, or in project POM properties.
2026-03-03 17:34:18,017 [Worker-40: Building] INFO  o.a.m.s.f.DefaultMavenResourcesFiltering - Copying 1 resource from src/main/resources to target/classes
2026-03-03 17:34:18,027 [Worker-40: Building] INFO  o.a.m.s.f.DefaultMavenResourcesFiltering - Copying 0 resource from src/main/resources to target/classes
2026-03-03 17:34:18,029 [Worker-40: Building] INFO  o.a.m.s.f.DefaultMavenResourcesFiltering - skip non existing resourceDirectory /Users/pankajkumar/Desktop/drive/project/WonderVerse/wonderverse-backend/src/test/resources
2026-03-03 17:34:18,029 [Worker-40: Building] WARN  o.apache.maven.project.MavenProject - Direct modification of compileSourceRoots through clear() is deprecated and will not work in Maven 4.0.0. Please use the add/remove methods instead. If you're using a plugin that causes this warning, please upgrade to the latest version and report an issue if the warning persists. To disable these warnings, set -Dmaven.project.sourceRoots.warningsDisabled=true on the command line, in the .mvn/maven.config file, or in project POM properties.
2026-03-03 17:34:18,029 [Worker-40: Building] WARN  o.apache.maven.project.MavenProject - Direct modification of compileSourceRoots through add() is deprecated and will not work in Maven 4.0.0. Please use the add/remove methods instead. If you're using a plugin that causes this warning, please upgrade to the latest version and report an issue if the warning persists. To disable these warnings, set -Dmaven.project.sourceRoots.warningsDisabled=true on the command line, in the .mvn/maven.config file, or in project POM properties.
2026-03-03 17:34:18,029 [Worker-40: Building] WARN  o.apache.maven.project.MavenProject - Direct modification of testCompileSourceRoots through clear() is deprecated and will not work in Maven 4.0.0. Please use the add/remove methods instead. If you're using a plugin that causes this warning, please upgrade to the latest version and report an issue if the warning persists. To disable these warnings, set -Dmaven.project.sourceRoots.warningsDisabled=true on the command line, in the .mvn/maven.config file, or in project POM properties.
2026-03-03 17:34:18,029 [Worker-40: Building] WARN  o.apache.maven.project.MavenProject - Direct modification of testCompileSourceRoots through add() is deprecated and will not work in Maven 4.0.0. Please use the add/remove methods instead. If you're using a plugin that causes this warning, please upgrade to the latest version and report an issue if the warning persists. To disable these warnings, set -Dmaven.project.sourceRoots.warningsDisabled=true on the command line, in the .mvn/maven.config file, or in project POM properties.
2026-03-03 17:34:54,484 [Worker-40: Building] INFO  o.a.m.s.f.DefaultMavenResourcesFiltering - Copying 1 resource from src/main/resources to target/classes
2026-03-03 17:34:54,490 [Worker-40: Building] INFO  o.a.m.s.f.DefaultMavenResourcesFiltering - Copying 0 resource from src/main/resources to target/classes
2026-03-03 17:34:54,491 [Worker-40: Building] INFO  o.a.m.s.f.DefaultMavenResourcesFiltering - skip non existing resourceDirectory /Users/pankajkumar/Desktop/drive/project/WonderVerse/wonderverse-backend/src/test/resources
2026-03-03 17:34:54,492 [Worker-40: Building] WARN  o.apache.maven.project.MavenProject - Direct modification of compileSourceRoots through clear() is deprecated and will not work in Maven 4.0.0. Please use the add/remove methods instead. If you're using a plugin that causes this warning, please upgrade to the latest version and report an issue if the warning persists. To disable these warnings, set -Dmaven.project.sourceRoots.warningsDisabled=true on the command line, in the .mvn/maven.config file, or in project POM properties.
2026-03-03 17:34:54,492 [Worker-40: Building] WARN  o.apache.maven.project.MavenProject - Direct modification of compileSourceRoots through add() is deprecated and will not work in Maven 4.0.0. Please use the add/remove methods instead. If you're using a plugin that causes this warning, please upgrade to the latest version and report an issue if the warning persists. To disable these warnings, set -Dmaven.project.sourceRoots.warningsDisabled=true on the command line, in the .mvn/maven.config file, or in project POM properties.
2026-03-03 17:34:54,492 [Worker-40: Building] WARN  o.apache.maven.project.MavenProject - Direct modification of testCompileSourceRoots through clear() is deprecated and will not work in Maven 4.0.0. Please use the add/remove methods instead. If you're using a plugin that causes this warning, please upgrade to the latest version and report an issue if the warning persists. To disable these warnings, set -Dmaven.project.sourceRoots.warningsDisabled=true on the command line, in the .mvn/maven.config file, or in project POM properties.
2026-03-03 17:34:54,492 [Worker-40: Building] WARN  o.apache.maven.project.MavenProject - Direct modification of testCompileSourceRoots through add() is deprecated and will not work in Maven 4.0.0. Please use the add/remove methods instead. If you're using a plugin that causes this warning, please upgrade to the latest version and report an issue if the warning persists. To disable these warnings, set -Dmaven.project.sourceRoots.warningsDisabled=true on the command line, in the .mvn/maven.config file, or in project POM properties.
2026-03-03 17:35:18,587 [Worker-42: Updating Maven Project] INFO  o.e.m.c.i.p.ProjectConfigurationManager - Update started
2026-03-03 17:35:18,711 [Worker-42: Updating Maven Project] INFO  o.e.m.c.i.l.LifecycleMappingFactory - Using org.eclipse.m2e.jdt.JarLifecycleMapping lifecycle mapping for MavenProject: com.wonderverse:wonderverse-backend:0.0.1-SNAPSHOT @ /Users/pankajkumar/Desktop/drive/project/WonderVerse/wonderverse-backend/pom.xml.
2026-03-03 17:35:18,960 [Worker-42: Updating Maven Project] INFO  o.e.m.j.i.AbstractJavaProjectConfigurator - Adding source folder /wonderverse-backend/src/main/java
2026-03-03 17:35:18,960 [Worker-42: Updating Maven Project] INFO  o.e.m.j.i.AbstractJavaProjectConfigurator - Adding resource folder /wonderverse-backend/src/main/resources
2026-03-03 17:35:18,960 [Worker-42: Updating Maven Project] INFO  o.e.m.j.i.AbstractJavaProjectConfigurator - Adding resource folder /wonderverse-backend/src/main/resources
2026-03-03 17:35:18,960 [Worker-42: Updating Maven Project] INFO  o.e.m.j.i.AbstractJavaProjectConfigurator - Adding source folder /wonderverse-backend/src/test/java
2026-03-03 17:35:18,961 [Worker-42: Updating Maven Project] INFO  o.e.m.j.i.AbstractJavaProjectConfigurator - Adding resource folder /wonderverse-backend/src/test/resources
2026-03-03 17:35:19,014 [Worker-42: Updating Maven Project] WARN  o.apache.maven.project.MavenProject - Direct modification of compileSourceRoots through clear() is deprecated and will not work in Maven 4.0.0. Please use the add/remove methods instead. If you're using a plugin that causes this warning, please upgrade to the latest version and report an issue if the warning persists. To disable these warnings, set -Dmaven.project.sourceRoots.warningsDisabled=true on the command line, in the .mvn/maven.config file, or in project POM properties.
2026-03-03 17:35:19,014 [Worker-42: Updating Maven Project] WARN  o.apache.maven.project.MavenProject - Direct modification of compileSourceRoots through add() is deprecated and will not work in Maven 4.0.0. Please use the add/remove methods instead. If you're using a plugin that causes this warning, please upgrade to the latest version and report an issue if the warning persists. To disable these warnings, set -Dmaven.project.sourceRoots.warningsDisabled=true on the command line, in the .mvn/maven.config file, or in project POM properties.
2026-03-03 17:35:19,014 [Worker-42: Updating Maven Project] WARN  o.apache.maven.project.MavenProject - Direct modification of testCompileSourceRoots through clear() is deprecated and will not work in Maven 4.0.0. Please use the add/remove methods instead. If you're using a plugin that causes this warning, please upgrade to the latest version and report an issue if the warning persists. To disable these warnings, set -Dmaven.project.sourceRoots.warningsDisabled=true on the command line, in the .mvn/maven.config file, or in project POM properties.
2026-03-03 17:35:19,015 [Worker-42: Updating Maven Project] WARN  o.apache.maven.project.MavenProject - Direct modification of testCompileSourceRoots through add() is deprecated and will not work in Maven 4.0.0. Please use the add/remove methods instead. If you're using a plugin that causes this warning, please upgrade to the latest version and report an issue if the warning persists. To disable these warnings, set -Dmaven.project.sourceRoots.warningsDisabled=true on the command line, in the .mvn/maven.config file, or in project POM properties.
2026-03-03 17:35:19,032 [Worker-42: Updating Maven Project] INFO  o.e.m.c.i.p.ProjectConfigurationManager - Update completed for 1 poms: local refresh takes 0.00 sec, refresh facades takes 0.00 sec, update config takes 0.00 sec 
2026-03-03 17:35:19,226 [Worker-42: Building] INFO  o.a.m.s.f.DefaultMavenResourcesFiltering - Copying 1 resource from src/main/resources to target/classes
2026-03-03 17:35:19,235 [Worker-42: Building] INFO  o.a.m.s.f.DefaultMavenResourcesFiltering - Copying 0 resource from src/main/resources to target/classes
2026-03-03 17:35:19,238 [Worker-42: Building] INFO  o.a.m.s.f.DefaultMavenResourcesFiltering - skip non existing resourceDirectory /Users/pankajkumar/Desktop/drive/project/WonderVerse/wonderverse-backend/src/test/resources
2026-03-03 17:35:19,244 [Worker-42: Building] WARN  o.apache.maven.project.MavenProject - Direct modification of compileSourceRoots through clear() is deprecated and will not work in Maven 4.0.0. Please use the add/remove methods instead. If you're using a plugin that causes this warning, please upgrade to the latest version and report an issue if the warning persists. To disable these warnings, set -Dmaven.project.sourceRoots.warningsDisabled=true on the command line, in the .mvn/maven.config file, or in project POM properties.
2026-03-03 17:35:19,244 [Worker-42: Building] WARN  o.apache.maven.project.MavenProject - Direct modification of compileSourceRoots through add() is deprecated and will not work in Maven 4.0.0. Please use the add/remove methods instead. If you're using a plugin that causes this warning, please upgrade to the latest version and report an issue if the warning persists. To disable these warnings, set -Dmaven.project.sourceRoots.warningsDisabled=true on the command line, in the .mvn/maven.config file, or in project POM properties.
2026-03-03 17:35:19,244 [Worker-42: Building] WARN  o.apache.maven.project.MavenProject - Direct modification of testCompileSourceRoots through clear() is deprecated and will not work in Maven 4.0.0. Please use the add/remove methods instead. If you're using a plugin that causes this warning, please upgrade to the latest version and report an issue if the warning persists. To disable these warnings, set -Dmaven.project.sourceRoots.warningsDisabled=true on the command line, in the .mvn/maven.config file, or in project POM properties.
2026-03-03 17:35:19,244 [Worker-42: Building] WARN  o.apache.maven.project.MavenProject - Direct modification of testCompileSourceRoots through add() is deprecated and will not work in Maven 4.0.0. Please use the add/remove methods instead. If you're using a plugin that causes this warning, please upgrade to the latest version and report an issue if the warning persists. To disable these warnings, set -Dmaven.project.sourceRoots.warningsDisabled=true on the command line, in the .mvn/maven.config file, or in project POM properties.
2026-03-03 17:35:46,274 [Worker-34: Launching Executing clean in _Users_pankajkumar_Desktop_drive_project_WonderVerse_wonderverse-backend] INFO  o.eclipse.m2e.core.internal.Bundles - getClasspathEntries(Bundle=org.eclipse.m2e.maven.runtime_3.9.1101.20251020-1549 [646])
2026-03-03 17:35:46,274 [Worker-34: Launching Executing clean in _Users_pankajkumar_Desktop_drive_project_WonderVerse_wonderverse-backend] INFO  o.eclipse.m2e.core.internal.Bundles - 	Entry: /Users/pankajkumar/.p2/pool/plugins/org.eclipse.m2e.maven.runtime_3.9.1101.20251020-1549
2026-03-03 17:35:46,275 [Worker-34: Launching Executing clean in _Users_pankajkumar_Desktop_drive_project_WonderVerse_wonderverse-backend] INFO  o.eclipse.m2e.core.internal.Bundles - 	Entry: /Users/pankajkumar/.p2/pool/plugins/org.eclipse.m2e.maven.runtime_3.9.1101.20251020-1549/jars/aopalliance-1.0.jar
2026-03-03 17:35:46,275 [Worker-34: Launching Executing clean in _Users_pankajkumar_Desktop_drive_project_WonderVerse_wonderverse-backend] INFO  o.eclipse.m2e.core.internal.Bundles - 	Entry: /Users/pankajkumar/.p2/pool/plugins/org.eclipse.m2e.maven.runtime_3.9.1101.20251020-1549/jars/asm-9.8.jar
2026-03-03 17:35:46,275 [Worker-34: Launching Executing clean in _Users_pankajkumar_Desktop_drive_project_WonderVerse_wonderverse-backend] INFO  o.eclipse.m2e.core.internal.Bundles - 	Entry: /Users/pankajkumar/.p2/pool/plugins/org.eclipse.m2e.maven.runtime_3.9.1101.20251020-1549/jars/error_prone_annotations-2.38.0.jar
2026-03-03 17:35:46,275 [Worker-34: Launching Executing clean in _Users_pankajkumar_Desktop_drive_project_WonderVerse_wonderverse-backend] INFO  o.eclipse.m2e.core.internal.Bundles - 	Entry: /Users/pankajkumar/.p2/pool/plugins/org.eclipse.m2e.maven.runtime_3.9.1101.20251020-1549/jars/gson-2.13.1.jar
2026-03-03 17:35:46,275 [Worker-34: Launching Executing clean in _Users_pankajkumar_Desktop_drive_project_WonderVerse_wonderverse-backend] INFO  o.eclipse.m2e.core.internal.Bundles - 	Entry: /Users/pankajkumar/.p2/pool/plugins/org.eclipse.m2e.maven.runtime_3.9.1101.20251020-1549/jars/guice-5.1.0-classes.jar
2026-03-03 17:35:46,275 [Worker-34: Launching Executing clean in _Users_pankajkumar_Desktop_drive_project_WonderVerse_wonderverse-backend] INFO  o.eclipse.m2e.core.internal.Bundles - 	Entry: /Users/pankajkumar/.p2/pool/plugins/org.eclipse.m2e.maven.runtime_3.9.1101.20251020-1549/jars/httpclient-4.5.14.jar
2026-03-03 17:35:46,275 [Worker-34: Launching Executing clean in _Users_pankajkumar_Desktop_drive_project_WonderVerse_wonderverse-backend] INFO  o.eclipse.m2e.core.internal.Bundles - 	Entry: /Users/pankajkumar/.p2/pool/plugins/org.eclipse.m2e.maven.runtime_3.9.1101.20251020-1549/jars/httpcore-4.4.16.jar
2026-03-03 17:35:46,275 [Worker-34: Launching Executing clean in _Users_pankajkumar_Desktop_drive_project_WonderVerse_wonderverse-backend] INFO  o.eclipse.m2e.core.internal.Bundles - 	Entry: /Users/pankajkumar/.p2/pool/plugins/org.eclipse.m2e.maven.runtime_3.9.1101.20251020-1549/jars/jansi-2.4.2.jar
2026-03-03 17:35:46,275 [Worker-34: Launching Executing clean in _Users_pankajkumar_Desktop_drive_project_WonderVerse_wonderverse-backend] INFO  o.eclipse.m2e.core.internal.Bundles - 	Entry: /Users/pankajkumar/.p2/pool/plugins/org.eclipse.m2e.maven.runtime_3.9.1101.20251020-1549/jars/jcl-over-slf4j-1.7.36.jar
2026-03-03 17:35:46,275 [Worker-34: Launching Executing clean in _Users_pankajkumar_Desktop_drive_project_WonderVerse_wonderverse-backend] INFO  o.eclipse.m2e.core.internal.Bundles - 	Entry: /Users/pankajkumar/.p2/pool/plugins/org.eclipse.m2e.maven.runtime_3.9.1101.20251020-1549/jars/maven-artifact-3.9.11.jar
2026-03-03 17:35:46,275 [Worker-34: Launching Executing clean in _Users_pankajkumar_Desktop_drive_project_WonderVerse_wonderverse-backend] INFO  o.eclipse.m2e.core.internal.Bundles - 	Entry: /Users/pankajkumar/.p2/pool/plugins/org.eclipse.m2e.maven.runtime_3.9.1101.20251020-1549/jars/maven-builder-support-3.9.11.jar
2026-03-03 17:35:46,275 [Worker-34: Launching Executing clean in _Users_pankajkumar_Desktop_drive_project_WonderVerse_wonderverse-backend] INFO  o.eclipse.m2e.core.internal.Bundles - 	Entry: /Users/pankajkumar/.p2/pool/plugins/org.eclipse.m2e.maven.runtime_3.9.1101.20251020-1549/jars/maven-compat-3.9.11.jar
2026-03-03 17:35:46,275 [Worker-34: Launching Executing clean in _Users_pankajkumar_Desktop_drive_project_WonderVerse_wonderverse-backend] INFO  o.eclipse.m2e.core.internal.Bundles - 	Entry: /Users/pankajkumar/.p2/pool/plugins/org.eclipse.m2e.maven.runtime_3.9.1101.20251020-1549/jars/maven-core-3.9.11.jar
2026-03-03 17:35:46,275 [Worker-34: Launching Executing clean in _Users_pankajkumar_Desktop_drive_project_WonderVerse_wonderverse-backend] INFO  o.eclipse.m2e.core.internal.Bundles - 	Entry: /Users/pankajkumar/.p2/pool/plugins/org.eclipse.m2e.maven.runtime_3.9.1101.20251020-1549/jars/maven-embedder-3.9.11.jar
2026-03-03 17:35:46,275 [Worker-34: Launching Executing clean in _Users_pankajkumar_Desktop_drive_project_WonderVerse_wonderverse-backend] INFO  o.eclipse.m2e.core.internal.Bundles - 	Entry: /Users/pankajkumar/.p2/pool/plugins/org.eclipse.m2e.maven.runtime_3.9.1101.20251020-1549/jars/maven-model-3.9.11.jar
2026-03-03 17:35:46,275 [Worker-34: Launching Executing clean in _Users_pankajkumar_Desktop_drive_project_WonderVerse_wonderverse-backend] INFO  o.eclipse.m2e.core.internal.Bundles - 	Entry: /Users/pankajkumar/.p2/pool/plugins/org.eclipse.m2e.maven.runtime_3.9.1101.20251020-1549/jars/maven-model-builder-3.9.11.jar
2026-03-03 17:35:46,275 [Worker-34: Launching Executing clean in _Users_pankajkumar_Desktop_drive_project_WonderVerse_wonderverse-backend] INFO  o.eclipse.m2e.core.internal.Bundles - 	Entry: /Users/pankajkumar/.p2/pool/plugins/org.eclipse.m2e.maven.runtime_3.9.1101.20251020-1549/jars/maven-plugin-api-3.9.11.jar
2026-03-03 17:35:46,275 [Worker-34: Launching Executing clean in _Users_pankajkumar_Desktop_drive_project_WonderVerse_wonderverse-backend] INFO  o.eclipse.m2e.core.internal.Bundles - 	Entry: /Users/pankajkumar/.p2/pool/plugins/org.eclipse.m2e.maven.runtime_3.9.1101.20251020-1549/jars/maven-repository-metadata-3.9.11.jar
2026-03-03 17:35:46,275 [Worker-34: Launching Executing clean in _Users_pankajkumar_Desktop_drive_project_WonderVerse_wonderverse-backend] INFO  o.eclipse.m2e.core.internal.Bundles - 	Entry: /Users/pankajkumar/.p2/pool/plugins/org.eclipse.m2e.maven.runtime_3.9.1101.20251020-1549/jars/maven-resolver-api-1.9.24.jar
2026-03-03 17:35:46,275 [Worker-34: Launching Executing clean in _Users_pankajkumar_Desktop_drive_project_WonderVerse_wonderverse-backend] INFO  o.eclipse.m2e.core.internal.Bundles - 	Entry: /Users/pankajkumar/.p2/pool/plugins/org.eclipse.m2e.maven.runtime_3.9.1101.20251020-1549/jars/maven-resolver-connector-basic-1.9.24.jar
2026-03-03 17:35:46,275 [Worker-34: Launching Executing clean in _Users_pankajkumar_Desktop_drive_project_WonderVerse_wonderverse-backend] INFO  o.eclipse.m2e.core.internal.Bundles - 	Entry: /Users/pankajkumar/.p2/pool/plugins/org.eclipse.m2e.maven.runtime_3.9.1101.20251020-1549/jars/maven-resolver-impl-1.9.24.jar
2026-03-03 17:35:46,275 [Worker-34: Launching Executing clean in _Users_pankajkumar_Desktop_drive_project_WonderVerse_wonderverse-backend] INFO  o.eclipse.m2e.core.internal.Bundles - 	Entry: /Users/pankajkumar/.p2/pool/plugins/org.eclipse.m2e.maven.runtime_3.9.1101.20251020-1549/jars/maven-resolver-named-locks-1.9.24.jar
2026-03-03 17:35:46,275 [Worker-34: Launching Executing clean in _Users_pankajkumar_Desktop_drive_project_WonderVerse_wonderverse-backend] INFO  o.eclipse.m2e.core.internal.Bundles - 	Entry: /Users/pankajkumar/.p2/pool/plugins/org.eclipse.m2e.maven.runtime_3.9.1101.20251020-1549/jars/maven-resolver-provider-3.9.11.jar
2026-03-03 17:35:46,275 [Worker-34: Launching Executing clean in _Users_pankajkumar_Desktop_drive_project_WonderVerse_wonderverse-backend] INFO  o.eclipse.m2e.core.internal.Bundles - 	Entry: /Users/pankajkumar/.p2/pool/plugins/org.eclipse.m2e.maven.runtime_3.9.1101.20251020-1549/jars/maven-resolver-spi-1.9.24.jar
2026-03-03 17:35:46,275 [Worker-34: Launching Executing clean in _Users_pankajkumar_Desktop_drive_project_WonderVerse_wonderverse-backend] INFO  o.eclipse.m2e.core.internal.Bundles - 	Entry: /Users/pankajkumar/.p2/pool/plugins/org.eclipse.m2e.maven.runtime_3.9.1101.20251020-1549/jars/maven-resolver-transport-file-1.9.24.jar
2026-03-03 17:35:46,275 [Worker-34: Launching Executing clean in _Users_pankajkumar_Desktop_drive_project_WonderVerse_wonderverse-backend] INFO  o.eclipse.m2e.core.internal.Bundles - 	Entry: /Users/pankajkumar/.p2/pool/plugins/org.eclipse.m2e.maven.runtime_3.9.1101.20251020-1549/jars/maven-resolver-transport-http-1.9.24.jar
2026-03-03 17:35:46,275 [Worker-34: Launching Executing clean in _Users_pankajkumar_Desktop_drive_project_WonderVerse_wonderverse-backend] INFO  o.eclipse.m2e.core.internal.Bundles - 	Entry: /Users/pankajkumar/.p2/pool/plugins/org.eclipse.m2e.maven.runtime_3.9.1101.20251020-1549/jars/maven-resolver-transport-wagon-1.9.24.jar
2026-03-03 17:35:46,275 [Worker-34: Launching Executing clean in _Users_pankajkumar_Desktop_drive_project_WonderVerse_wonderverse-backend] INFO  o.eclipse.m2e.core.internal.Bundles - 	Entry: /Users/pankajkumar/.p2/pool/plugins/org.eclipse.m2e.maven.runtime_3.9.1101.20251020-1549/jars/maven-resolver-util-1.9.24.jar
2026-03-03 17:35:46,275 [Worker-34: Launching Executing clean in _Users_pankajkumar_Desktop_drive_project_WonderVerse_wonderverse-backend] INFO  o.eclipse.m2e.core.internal.Bundles - 	Entry: /Users/pankajkumar/.p2/pool/plugins/org.eclipse.m2e.maven.runtime_3.9.1101.20251020-1549/jars/maven-settings-3.9.11.jar
2026-03-03 17:35:46,275 [Worker-34: Launching Executing clean in _Users_pankajkumar_Desktop_drive_project_WonderVerse_wonderverse-backend] INFO  o.eclipse.m2e.core.internal.Bundles - 	Entry: /Users/pankajkumar/.p2/pool/plugins/org.eclipse.m2e.maven.runtime_3.9.1101.20251020-1549/jars/maven-settings-builder-3.9.11.jar
2026-03-03 17:35:46,275 [Worker-34: Launching Executing clean in _Users_pankajkumar_Desktop_drive_project_WonderVerse_wonderverse-backend] INFO  o.eclipse.m2e.core.internal.Bundles - 	Entry: /Users/pankajkumar/.p2/pool/plugins/org.eclipse.m2e.maven.runtime_3.9.1101.20251020-1549/jars/maven-shared-utils-3.4.2.jar
2026-03-03 17:35:46,275 [Worker-34: Launching Executing clean in _Users_pankajkumar_Desktop_drive_project_WonderVerse_wonderverse-backend] INFO  o.eclipse.m2e.core.internal.Bundles - 	Entry: /Users/pankajkumar/.p2/pool/plugins/org.eclipse.m2e.maven.runtime_3.9.1101.20251020-1549/jars/org.eclipse.sisu.inject-0.9.0.M4.jar
2026-03-03 17:35:46,275 [Worker-34: Launching Executing clean in _Users_pankajkumar_Desktop_drive_project_WonderVerse_wonderverse-backend] INFO  o.eclipse.m2e.core.internal.Bundles - 	Entry: /Users/pankajkumar/.p2/pool/plugins/org.eclipse.m2e.maven.runtime_3.9.1101.20251020-1549/jars/org.eclipse.sisu.plexus-0.9.0.M4.jar
2026-03-03 17:35:46,275 [Worker-34: Launching Executing clean in _Users_pankajkumar_Desktop_drive_project_WonderVerse_wonderverse-backend] INFO  o.eclipse.m2e.core.internal.Bundles - 	Entry: /Users/pankajkumar/.p2/pool/plugins/org.eclipse.m2e.maven.runtime_3.9.1101.20251020-1549/jars/plexus-build-api-0.0.7.jar
2026-03-03 17:35:46,275 [Worker-34: Launching Executing clean in _Users_pankajkumar_Desktop_drive_project_WonderVerse_wonderverse-backend] INFO  o.eclipse.m2e.core.internal.Bundles - 	Entry: /Users/pankajkumar/.p2/pool/plugins/org.eclipse.m2e.maven.runtime_3.9.1101.20251020-1549/jars/plexus-build-api-1.2.0.jar
2026-03-03 17:35:46,275 [Worker-34: Launching Executing clean in _Users_pankajkumar_Desktop_drive_project_WonderVerse_wonderverse-backend] INFO  o.eclipse.m2e.core.internal.Bundles - 	Entry: /Users/pankajkumar/.p2/pool/plugins/org.eclipse.m2e.maven.runtime_3.9.1101.20251020-1549/jars/plexus-cipher-2.0.jar
2026-03-03 17:35:46,275 [Worker-34: Launching Executing clean in _Users_pankajkumar_Desktop_drive_project_WonderVerse_wonderverse-backend] INFO  o.eclipse.m2e.core.internal.Bundles - 	Entry: /Users/pankajkumar/.p2/pool/plugins/org.eclipse.m2e.maven.runtime_3.9.1101.20251020-1549/jars/plexus-classworlds-2.9.0.jar
2026-03-03 17:35:46,276 [Worker-34: Launching Executing clean in _Users_pankajkumar_Desktop_drive_project_WonderVerse_wonderverse-backend] INFO  o.eclipse.m2e.core.internal.Bundles - 	Entry: /Users/pankajkumar/.p2/pool/plugins/org.eclipse.m2e.maven.runtime_3.9.1101.20251020-1549/jars/plexus-component-annotations-2.2.0.jar
2026-03-03 17:35:46,276 [Worker-34: Launching Executing clean in _Users_pankajkumar_Desktop_drive_project_WonderVerse_wonderverse-backend] INFO  o.eclipse.m2e.core.internal.Bundles - 	Entry: /Users/pankajkumar/.p2/pool/plugins/org.eclipse.m2e.maven.runtime_3.9.1101.20251020-1549/jars/plexus-interpolation-1.28.jar
2026-03-03 17:35:46,276 [Worker-34: Launching Executing clean in _Users_pankajkumar_Desktop_drive_project_WonderVerse_wonderverse-backend] INFO  o.eclipse.m2e.core.internal.Bundles - 	Entry: /Users/pankajkumar/.p2/pool/plugins/org.eclipse.m2e.maven.runtime_3.9.1101.20251020-1549/jars/plexus-sec-dispatcher-2.0.jar
2026-03-03 17:35:46,276 [Worker-34: Launching Executing clean in _Users_pankajkumar_Desktop_drive_project_WonderVerse_wonderverse-backend] INFO  o.eclipse.m2e.core.internal.Bundles - 	Entry: /Users/pankajkumar/.p2/pool/plugins/org.eclipse.m2e.maven.runtime_3.9.1101.20251020-1549/jars/plexus-utils-3.6.0.jar
2026-03-03 17:35:46,276 [Worker-34: Launching Executing clean in _Users_pankajkumar_Desktop_drive_project_WonderVerse_wonderverse-backend] INFO  o.eclipse.m2e.core.internal.Bundles - 	Entry: /Users/pankajkumar/.p2/pool/plugins/org.eclipse.m2e.maven.runtime_3.9.1101.20251020-1549/jars/wagon-file-3.5.3.jar
2026-03-03 17:35:46,276 [Worker-34: Launching Executing clean in _Users_pankajkumar_Desktop_drive_project_WonderVerse_wonderverse-backend] INFO  o.eclipse.m2e.core.internal.Bundles - 	Entry: /Users/pankajkumar/.p2/pool/plugins/org.eclipse.m2e.maven.runtime_3.9.1101.20251020-1549/jars/wagon-http-3.5.3.jar
2026-03-03 17:35:46,276 [Worker-34: Launching Executing clean in _Users_pankajkumar_Desktop_drive_project_WonderVerse_wonderverse-backend] INFO  o.eclipse.m2e.core.internal.Bundles - 	Entry: /Users/pankajkumar/.p2/pool/plugins/org.eclipse.m2e.maven.runtime_3.9.1101.20251020-1549/jars/wagon-http-shared-3.5.3.jar
2026-03-03 17:35:46,276 [Worker-34: Launching Executing clean in _Users_pankajkumar_Desktop_drive_project_WonderVerse_wonderverse-backend] INFO  o.eclipse.m2e.core.internal.Bundles - 	Entry: /Users/pankajkumar/.p2/pool/plugins/org.eclipse.m2e.maven.runtime_3.9.1101.20251020-1549/jars/wagon-provider-api-3.5.3.jar
2026-03-03 17:35:46,276 [Worker-34: Launching Executing clean in _Users_pankajkumar_Desktop_drive_project_WonderVerse_wonderverse-backend] INFO  o.eclipse.m2e.core.internal.Bundles - getClasspathEntries(Bundle=com.google.guava_33.5.0.jre [18])
2026-03-03 17:35:46,276 [Worker-34: Launching Executing clean in _Users_pankajkumar_Desktop_drive_project_WonderVerse_wonderverse-backend] INFO  o.eclipse.m2e.core.internal.Bundles - 	Entry: /Users/pankajkumar/.p2/pool/plugins/com.google.guava_33.5.0.jre.jar
2026-03-03 17:35:46,276 [Worker-34: Launching Executing clean in _Users_pankajkumar_Desktop_drive_project_WonderVerse_wonderverse-backend] INFO  o.eclipse.m2e.core.internal.Bundles - getClasspathEntries(Bundle=slf4j.api_2.0.17 [1011])
2026-03-03 17:35:46,276 [Worker-34: Launching Executing clean in _Users_pankajkumar_Desktop_drive_project_WonderVerse_wonderverse-backend] INFO  o.eclipse.m2e.core.internal.Bundles - 	Entry: /Users/pankajkumar/.p2/pool/plugins/slf4j.api_2.0.17.jar
2026-03-03 17:35:46,276 [Worker-34: Launching Executing clean in _Users_pankajkumar_Desktop_drive_project_WonderVerse_wonderverse-backend] INFO  o.eclipse.m2e.core.internal.Bundles - getClasspathEntries(Bundle=jakarta.inject.jakarta.inject-api_1.0.5 [35])
2026-03-03 17:35:46,276 [Worker-34: Launching Executing clean in _Users_pankajkumar_Desktop_drive_project_WonderVerse_wonderverse-backend] INFO  o.eclipse.m2e.core.internal.Bundles - 	Entry: /Users/pankajkumar/.p2/pool/plugins/jakarta.inject.jakarta.inject-api_1.0.5.jar
2026-03-03 17:35:46,276 [Worker-34: Launching Executing clean in _Users_pankajkumar_Desktop_drive_project_WonderVerse_wonderverse-backend] INFO  o.eclipse.m2e.core.internal.Bundles - getClasspathEntries(Bundle=jakarta.annotation-api_1.3.5 [31])
2026-03-03 17:35:46,276 [Worker-34: Launching Executing clean in _Users_pankajkumar_Desktop_drive_project_WonderVerse_wonderverse-backend] INFO  o.eclipse.m2e.core.internal.Bundles - 	Entry: /Users/pankajkumar/.p2/pool/plugins/jakarta.annotation-api_1.3.5.jar
2026-03-03 17:35:46,276 [Worker-34: Launching Executing clean in _Users_pankajkumar_Desktop_drive_project_WonderVerse_wonderverse-backend] INFO  o.eclipse.m2e.core.internal.Bundles - getClasspathEntries(Bundle=org.apache.commons.cli_1.11.0 [82])
2026-03-03 17:35:46,276 [Worker-34: Launching Executing clean in _Users_pankajkumar_Desktop_drive_project_WonderVerse_wonderverse-backend] INFO  o.eclipse.m2e.core.internal.Bundles - 	Entry: /Users/pankajkumar/.p2/pool/plugins/org.apache.commons.cli_1.11.0.jar
2026-03-03 17:35:46,276 [Worker-34: Launching Executing clean in _Users_pankajkumar_Desktop_drive_project_WonderVerse_wonderverse-backend] INFO  o.eclipse.m2e.core.internal.Bundles - getClasspathEntries(Bundle=org.apache.commons.commons-codec_1.20.0 [84])
2026-03-03 17:35:46,276 [Worker-34: Launching Executing clean in _Users_pankajkumar_Desktop_drive_project_WonderVerse_wonderverse-backend] INFO  o.eclipse.m2e.core.internal.Bundles - 	Entry: /Users/pankajkumar/.p2/pool/plugins/org.apache.commons.commons-codec_1.20.0.jar
2026-03-03 17:35:46,276 [Worker-34: Launching Executing clean in _Users_pankajkumar_Desktop_drive_project_WonderVerse_wonderverse-backend] INFO  o.eclipse.m2e.core.internal.Bundles - getClasspathEntries(Bundle=com.google.guava.failureaccess_1.0.3 [19])
2026-03-03 17:35:46,276 [Worker-34: Launching Executing clean in _Users_pankajkumar_Desktop_drive_project_WonderVerse_wonderverse-backend] INFO  o.eclipse.m2e.core.internal.Bundles - 	Entry: /Users/pankajkumar/.p2/pool/plugins/com.google.guava.failureaccess_1.0.3.jar
2026-03-03 17:35:46,277 [Worker-34: Launching Executing clean in _Users_pankajkumar_Desktop_drive_project_WonderVerse_wonderverse-backend] INFO  o.e.m.i.launch.MavenLaunchDelegate - Run build in "/Users/pankajkumar/Desktop/drive/project/WonderVerse/wonderverse-backend":
2026-03-03 17:35:46,277 [Worker-34: Launching Executing clean in _Users_pankajkumar_Desktop_drive_project_WonderVerse_wonderverse-backend] INFO  o.e.m.i.launch.MavenLaunchDelegate -  mvn  -B -Dstyle.color=always clean
2026-03-03 17:35:48,377 [Worker-36: Building] INFO  o.a.m.s.f.DefaultMavenResourcesFiltering - Copying 1 resource from src/main/resources to target/classes
2026-03-03 17:35:48,379 [Worker-36: Building] INFO  o.a.m.s.f.DefaultMavenResourcesFiltering - Copying 0 resource from src/main/resources to target/classes
2026-03-03 17:35:48,380 [Worker-36: Building] INFO  o.a.m.s.f.DefaultMavenResourcesFiltering - skip non existing resourceDirectory /Users/pankajkumar/Desktop/drive/project/WonderVerse/wonderverse-backend/src/test/resources
2026-03-03 17:35:48,384 [Worker-36: Building] WARN  o.apache.maven.project.MavenProject - Direct modification of compileSourceRoots through clear() is deprecated and will not work in Maven 4.0.0. Please use the add/remove methods instead. If you're using a plugin that causes this warning, please upgrade to the latest version and report an issue if the warning persists. To disable these warnings, set -Dmaven.project.sourceRoots.warningsDisabled=true on the command line, in the .mvn/maven.config file, or in project POM properties.
2026-03-03 17:35:48,385 [Worker-36: Building] WARN  o.apache.maven.project.MavenProject - Direct modification of compileSourceRoots through add() is deprecated and will not work in Maven 4.0.0. Please use the add/remove methods instead. If you're using a plugin that causes this warning, please upgrade to the latest version and report an issue if the warning persists. To disable these warnings, set -Dmaven.project.sourceRoots.warningsDisabled=true on the command line, in the .mvn/maven.config file, or in project POM properties.
2026-03-03 17:35:48,385 [Worker-36: Building] WARN  o.apache.maven.project.MavenProject - Direct modification of testCompileSourceRoots through clear() is deprecated and will not work in Maven 4.0.0. Please use the add/remove methods instead. If you're using a plugin that causes this warning, please upgrade to the latest version and report an issue if the warning persists. To disable these warnings, set -Dmaven.project.sourceRoots.warningsDisabled=true on the command line, in the .mvn/maven.config file, or in project POM properties.
2026-03-03 17:35:48,385 [Worker-36: Building] WARN  o.apache.maven.project.MavenProject - Direct modification of testCompileSourceRoots through add() is deprecated and will not work in Maven 4.0.0. Please use the add/remove methods instead. If you're using a plugin that causes this warning, please upgrade to the latest version and report an issue if the warning persists. To disable these warnings, set -Dmaven.project.sourceRoots.warningsDisabled=true on the command line, in the .mvn/maven.config file, or in project POM properties.
2026-03-03 17:36:01,719 [Worker-43: Launching Executing install in _Users_pankajkumar_Desktop_drive_project_WonderVerse_wonderverse-backend] INFO  o.eclipse.m2e.core.internal.Bundles - getClasspathEntries(Bundle=org.eclipse.m2e.maven.runtime_3.9.1101.20251020-1549 [646])
2026-03-03 17:36:01,719 [Worker-43: Launching Executing install in _Users_pankajkumar_Desktop_drive_project_WonderVerse_wonderverse-backend] INFO  o.eclipse.m2e.core.internal.Bundles - 	Entry: /Users/pankajkumar/.p2/pool/plugins/org.eclipse.m2e.maven.runtime_3.9.1101.20251020-1549
2026-03-03 17:36:01,719 [Worker-43: Launching Executing install in _Users_pankajkumar_Desktop_drive_project_WonderVerse_wonderverse-backend] INFO  o.eclipse.m2e.core.internal.Bundles - 	Entry: /Users/pankajkumar/.p2/pool/plugins/org.eclipse.m2e.maven.runtime_3.9.1101.20251020-1549/jars/aopalliance-1.0.jar
2026-03-03 17:36:01,719 [Worker-43: Launching Executing install in _Users_pankajkumar_Desktop_drive_project_WonderVerse_wonderverse-backend] INFO  o.eclipse.m2e.core.internal.Bundles - 	Entry: /Users/pankajkumar/.p2/pool/plugins/org.eclipse.m2e.maven.runtime_3.9.1101.20251020-1549/jars/asm-9.8.jar
2026-03-03 17:36:01,719 [Worker-43: Launching Executing install in _Users_pankajkumar_Desktop_drive_project_WonderVerse_wonderverse-backend] INFO  o.eclipse.m2e.core.internal.Bundles - 	Entry: /Users/pankajkumar/.p2/pool/plugins/org.eclipse.m2e.maven.runtime_3.9.1101.20251020-1549/jars/error_prone_annotations-2.38.0.jar
2026-03-03 17:36:01,719 [Worker-43: Launching Executing install in _Users_pankajkumar_Desktop_drive_project_WonderVerse_wonderverse-backend] INFO  o.eclipse.m2e.core.internal.Bundles - 	Entry: /Users/pankajkumar/.p2/pool/plugins/org.eclipse.m2e.maven.runtime_3.9.1101.20251020-1549/jars/gson-2.13.1.jar
2026-03-03 17:36:01,719 [Worker-43: Launching Executing install in _Users_pankajkumar_Desktop_drive_project_WonderVerse_wonderverse-backend] INFO  o.eclipse.m2e.core.internal.Bundles - 	Entry: /Users/pankajkumar/.p2/pool/plugins/org.eclipse.m2e.maven.runtime_3.9.1101.20251020-1549/jars/guice-5.1.0-classes.jar
2026-03-03 17:36:01,719 [Worker-43: Launching Executing install in _Users_pankajkumar_Desktop_drive_project_WonderVerse_wonderverse-backend] INFO  o.eclipse.m2e.core.internal.Bundles - 	Entry: /Users/pankajkumar/.p2/pool/plugins/org.eclipse.m2e.maven.runtime_3.9.1101.20251020-1549/jars/httpclient-4.5.14.jar
2026-03-03 17:36:01,719 [Worker-43: Launching Executing install in _Users_pankajkumar_Desktop_drive_project_WonderVerse_wonderverse-backend] INFO  o.eclipse.m2e.core.internal.Bundles - 	Entry: /Users/pankajkumar/.p2/pool/plugins/org.eclipse.m2e.maven.runtime_3.9.1101.20251020-1549/jars/httpcore-4.4.16.jar
2026-03-03 17:36:01,719 [Worker-43: Launching Executing install in _Users_pankajkumar_Desktop_drive_project_WonderVerse_wonderverse-backend] INFO  o.eclipse.m2e.core.internal.Bundles - 	Entry: /Users/pankajkumar/.p2/pool/plugins/org.eclipse.m2e.maven.runtime_3.9.1101.20251020-1549/jars/jansi-2.4.2.jar
2026-03-03 17:36:01,719 [Worker-43: Launching Executing install in _Users_pankajkumar_Desktop_drive_project_WonderVerse_wonderverse-backend] INFO  o.eclipse.m2e.core.internal.Bundles - 	Entry: /Users/pankajkumar/.p2/pool/plugins/org.eclipse.m2e.maven.runtime_3.9.1101.20251020-1549/jars/jcl-over-slf4j-1.7.36.jar
2026-03-03 17:36:01,719 [Worker-43: Launching Executing install in _Users_pankajkumar_Desktop_drive_project_WonderVerse_wonderverse-backend] INFO  o.eclipse.m2e.core.internal.Bundles - 	Entry: /Users/pankajkumar/.p2/pool/plugins/org.eclipse.m2e.maven.runtime_3.9.1101.20251020-1549/jars/maven-artifact-3.9.11.jar
2026-03-03 17:36:01,719 [Worker-43: Launching Executing install in _Users_pankajkumar_Desktop_drive_project_WonderVerse_wonderverse-backend] INFO  o.eclipse.m2e.core.internal.Bundles - 	Entry: /Users/pankajkumar/.p2/pool/plugins/org.eclipse.m2e.maven.runtime_3.9.1101.20251020-1549/jars/maven-builder-support-3.9.11.jar
2026-03-03 17:36:01,719 [Worker-43: Launching Executing install in _Users_pankajkumar_Desktop_drive_project_WonderVerse_wonderverse-backend] INFO  o.eclipse.m2e.core.internal.Bundles - 	Entry: /Users/pankajkumar/.p2/pool/plugins/org.eclipse.m2e.maven.runtime_3.9.1101.20251020-1549/jars/maven-compat-3.9.11.jar
2026-03-03 17:36:01,719 [Worker-43: Launching Executing install in _Users_pankajkumar_Desktop_drive_project_WonderVerse_wonderverse-backend] INFO  o.eclipse.m2e.core.internal.Bundles - 	Entry: /Users/pankajkumar/.p2/pool/plugins/org.eclipse.m2e.maven.runtime_3.9.1101.20251020-1549/jars/maven-core-3.9.11.jar
2026-03-03 17:36:01,719 [Worker-43: Launching Executing install in _Users_pankajkumar_Desktop_drive_project_WonderVerse_wonderverse-backend] INFO  o.eclipse.m2e.core.internal.Bundles - 	Entry: /Users/pankajkumar/.p2/pool/plugins/org.eclipse.m2e.maven.runtime_3.9.1101.20251020-1549/jars/maven-embedder-3.9.11.jar
2026-03-03 17:36:01,719 [Worker-43: Launching Executing install in _Users_pankajkumar_Desktop_drive_project_WonderVerse_wonderverse-backend] INFO  o.eclipse.m2e.core.internal.Bundles - 	Entry: /Users/pankajkumar/.p2/pool/plugins/org.eclipse.m2e.maven.runtime_3.9.1101.20251020-1549/jars/maven-model-3.9.11.jar
2026-03-03 17:36:01,719 [Worker-43: Launching Executing install in _Users_pankajkumar_Desktop_drive_project_WonderVerse_wonderverse-backend] INFO  o.eclipse.m2e.core.internal.Bundles - 	Entry: /Users/pankajkumar/.p2/pool/plugins/org.eclipse.m2e.maven.runtime_3.9.1101.20251020-1549/jars/maven-model-builder-3.9.11.jar
2026-03-03 17:36:01,719 [Worker-43: Launching Executing install in _Users_pankajkumar_Desktop_drive_project_WonderVerse_wonderverse-backend] INFO  o.eclipse.m2e.core.internal.Bundles - 	Entry: /Users/pankajkumar/.p2/pool/plugins/org.eclipse.m2e.maven.runtime_3.9.1101.20251020-1549/jars/maven-plugin-api-3.9.11.jar
2026-03-03 17:36:01,719 [Worker-43: Launching Executing install in _Users_pankajkumar_Desktop_drive_project_WonderVerse_wonderverse-backend] INFO  o.eclipse.m2e.core.internal.Bundles - 	Entry: /Users/pankajkumar/.p2/pool/plugins/org.eclipse.m2e.maven.runtime_3.9.1101.20251020-1549/jars/maven-repository-metadata-3.9.11.jar
2026-03-03 17:36:01,719 [Worker-43: Launching Executing install in _Users_pankajkumar_Desktop_drive_project_WonderVerse_wonderverse-backend] INFO  o.eclipse.m2e.core.internal.Bundles - 	Entry: /Users/pankajkumar/.p2/pool/plugins/org.eclipse.m2e.maven.runtime_3.9.1101.20251020-1549/jars/maven-resolver-api-1.9.24.jar
2026-03-03 17:36:01,719 [Worker-43: Launching Executing install in _Users_pankajkumar_Desktop_drive_project_WonderVerse_wonderverse-backend] INFO  o.eclipse.m2e.core.internal.Bundles - 	Entry: /Users/pankajkumar/.p2/pool/plugins/org.eclipse.m2e.maven.runtime_3.9.1101.20251020-1549/jars/maven-resolver-connector-basic-1.9.24.jar
2026-03-03 17:36:01,720 [Worker-43: Launching Executing install in _Users_pankajkumar_Desktop_drive_project_WonderVerse_wonderverse-backend] INFO  o.eclipse.m2e.core.internal.Bundles - 	Entry: /Users/pankajkumar/.p2/pool/plugins/org.eclipse.m2e.maven.runtime_3.9.1101.20251020-1549/jars/maven-resolver-impl-1.9.24.jar
2026-03-03 17:36:01,720 [Worker-43: Launching Executing install in _Users_pankajkumar_Desktop_drive_project_WonderVerse_wonderverse-backend] INFO  o.eclipse.m2e.core.internal.Bundles - 	Entry: /Users/pankajkumar/.p2/pool/plugins/org.eclipse.m2e.maven.runtime_3.9.1101.20251020-1549/jars/maven-resolver-named-locks-1.9.24.jar
2026-03-03 17:36:01,720 [Worker-43: Launching Executing install in _Users_pankajkumar_Desktop_drive_project_WonderVerse_wonderverse-backend] INFO  o.eclipse.m2e.core.internal.Bundles - 	Entry: /Users/pankajkumar/.p2/pool/plugins/org.eclipse.m2e.maven.runtime_3.9.1101.20251020-1549/jars/maven-resolver-provider-3.9.11.jar
2026-03-03 17:36:01,720 [Worker-43: Launching Executing install in _Users_pankajkumar_Desktop_drive_project_WonderVerse_wonderverse-backend] INFO  o.eclipse.m2e.core.internal.Bundles - 	Entry: /Users/pankajkumar/.p2/pool/plugins/org.eclipse.m2e.maven.runtime_3.9.1101.20251020-1549/jars/maven-resolver-spi-1.9.24.jar
2026-03-03 17:36:01,720 [Worker-43: Launching Executing install in _Users_pankajkumar_Desktop_drive_project_WonderVerse_wonderverse-backend] INFO  o.eclipse.m2e.core.internal.Bundles - 	Entry: /Users/pankajkumar/.p2/pool/plugins/org.eclipse.m2e.maven.runtime_3.9.1101.20251020-1549/jars/maven-resolver-transport-file-1.9.24.jar
2026-03-03 17:36:01,720 [Worker-43: Launching Executing install in _Users_pankajkumar_Desktop_drive_project_WonderVerse_wonderverse-backend] INFO  o.eclipse.m2e.core.internal.Bundles - 	Entry: /Users/pankajkumar/.p2/pool/plugins/org.eclipse.m2e.maven.runtime_3.9.1101.20251020-1549/jars/maven-resolver-transport-http-1.9.24.jar
2026-03-03 17:36:01,720 [Worker-43: Launching Executing install in _Users_pankajkumar_Desktop_drive_project_WonderVerse_wonderverse-backend] INFO  o.eclipse.m2e.core.internal.Bundles - 	Entry: /Users/pankajkumar/.p2/pool/plugins/org.eclipse.m2e.maven.runtime_3.9.1101.20251020-1549/jars/maven-resolver-transport-wagon-1.9.24.jar
2026-03-03 17:36:01,720 [Worker-43: Launching Executing install in _Users_pankajkumar_Desktop_drive_project_WonderVerse_wonderverse-backend] INFO  o.eclipse.m2e.core.internal.Bundles - 	Entry: /Users/pankajkumar/.p2/pool/plugins/org.eclipse.m2e.maven.runtime_3.9.1101.20251020-1549/jars/maven-resolver-util-1.9.24.jar
2026-03-03 17:36:01,720 [Worker-43: Launching Executing install in _Users_pankajkumar_Desktop_drive_project_WonderVerse_wonderverse-backend] INFO  o.eclipse.m2e.core.internal.Bundles - 	Entry: /Users/pankajkumar/.p2/pool/plugins/org.eclipse.m2e.maven.runtime_3.9.1101.20251020-1549/jars/maven-settings-3.9.11.jar
2026-03-03 17:36:01,720 [Worker-43: Launching Executing install in _Users_pankajkumar_Desktop_drive_project_WonderVerse_wonderverse-backend] INFO  o.eclipse.m2e.core.internal.Bundles - 	Entry: /Users/pankajkumar/.p2/pool/plugins/org.eclipse.m2e.maven.runtime_3.9.1101.20251020-1549/jars/maven-settings-builder-3.9.11.jar
2026-03-03 17:36:01,720 [Worker-43: Launching Executing install in _Users_pankajkumar_Desktop_drive_project_WonderVerse_wonderverse-backend] INFO  o.eclipse.m2e.core.internal.Bundles - 	Entry: /Users/pankajkumar/.p2/pool/plugins/org.eclipse.m2e.maven.runtime_3.9.1101.20251020-1549/jars/maven-shared-utils-3.4.2.jar
2026-03-03 17:36:01,720 [Worker-43: Launching Executing install in _Users_pankajkumar_Desktop_drive_project_WonderVerse_wonderverse-backend] INFO  o.eclipse.m2e.core.internal.Bundles - 	Entry: /Users/pankajkumar/.p2/pool/plugins/org.eclipse.m2e.maven.runtime_3.9.1101.20251020-1549/jars/org.eclipse.sisu.inject-0.9.0.M4.jar
2026-03-03 17:36:01,720 [Worker-43: Launching Executing install in _Users_pankajkumar_Desktop_drive_project_WonderVerse_wonderverse-backend] INFO  o.eclipse.m2e.core.internal.Bundles - 	Entry: /Users/pankajkumar/.p2/pool/plugins/org.eclipse.m2e.maven.runtime_3.9.1101.20251020-1549/jars/org.eclipse.sisu.plexus-0.9.0.M4.jar
2026-03-03 17:36:01,720 [Worker-43: Launching Executing install in _Users_pankajkumar_Desktop_drive_project_WonderVerse_wonderverse-backend] INFO  o.eclipse.m2e.core.internal.Bundles - 	Entry: /Users/pankajkumar/.p2/pool/plugins/org.eclipse.m2e.maven.runtime_3.9.1101.20251020-1549/jars/plexus-build-api-0.0.7.jar
2026-03-03 17:36:01,720 [Worker-43: Launching Executing install in _Users_pankajkumar_Desktop_drive_project_WonderVerse_wonderverse-backend] INFO  o.eclipse.m2e.core.internal.Bundles - 	Entry: /Users/pankajkumar/.p2/pool/plugins/org.eclipse.m2e.maven.runtime_3.9.1101.20251020-1549/jars/plexus-build-api-1.2.0.jar
2026-03-03 17:36:01,720 [Worker-43: Launching Executing install in _Users_pankajkumar_Desktop_drive_project_WonderVerse_wonderverse-backend] INFO  o.eclipse.m2e.core.internal.Bundles - 	Entry: /Users/pankajkumar/.p2/pool/plugins/org.eclipse.m2e.maven.runtime_3.9.1101.20251020-1549/jars/plexus-cipher-2.0.jar
2026-03-03 17:36:01,720 [Worker-43: Launching Executing install in _Users_pankajkumar_Desktop_drive_project_WonderVerse_wonderverse-backend] INFO  o.eclipse.m2e.core.internal.Bundles - 	Entry: /Users/pankajkumar/.p2/pool/plugins/org.eclipse.m2e.maven.runtime_3.9.1101.20251020-1549/jars/plexus-classworlds-2.9.0.jar
2026-03-03 17:36:01,720 [Worker-43: Launching Executing install in _Users_pankajkumar_Desktop_drive_project_WonderVerse_wonderverse-backend] INFO  o.eclipse.m2e.core.internal.Bundles - 	Entry: /Users/pankajkumar/.p2/pool/plugins/org.eclipse.m2e.maven.runtime_3.9.1101.20251020-1549/jars/plexus-component-annotations-2.2.0.jar
2026-03-03 17:36:01,720 [Worker-43: Launching Executing install in _Users_pankajkumar_Desktop_drive_project_WonderVerse_wonderverse-backend] INFO  o.eclipse.m2e.core.internal.Bundles - 	Entry: /Users/pankajkumar/.p2/pool/plugins/org.eclipse.m2e.maven.runtime_3.9.1101.20251020-1549/jars/plexus-interpolation-1.28.jar
2026-03-03 17:36:01,720 [Worker-43: Launching Executing install in _Users_pankajkumar_Desktop_drive_project_WonderVerse_wonderverse-backend] INFO  o.eclipse.m2e.core.internal.Bundles - 	Entry: /Users/pankajkumar/.p2/pool/plugins/org.eclipse.m2e.maven.runtime_3.9.1101.20251020-1549/jars/plexus-sec-dispatcher-2.0.jar
2026-03-03 17:36:01,720 [Worker-43: Launching Executing install in _Users_pankajkumar_Desktop_drive_project_WonderVerse_wonderverse-backend] INFO  o.eclipse.m2e.core.internal.Bundles - 	Entry: /Users/pankajkumar/.p2/pool/plugins/org.eclipse.m2e.maven.runtime_3.9.1101.20251020-1549/jars/plexus-utils-3.6.0.jar
2026-03-03 17:36:01,720 [Worker-43: Launching Executing install in _Users_pankajkumar_Desktop_drive_project_WonderVerse_wonderverse-backend] INFO  o.eclipse.m2e.core.internal.Bundles - 	Entry: /Users/pankajkumar/.p2/pool/plugins/org.eclipse.m2e.maven.runtime_3.9.1101.20251020-1549/jars/wagon-file-3.5.3.jar
2026-03-03 17:36:01,720 [Worker-43: Launching Executing install in _Users_pankajkumar_Desktop_drive_project_WonderVerse_wonderverse-backend] INFO  o.eclipse.m2e.core.internal.Bundles - 	Entry: /Users/pankajkumar/.p2/pool/plugins/org.eclipse.m2e.maven.runtime_3.9.1101.20251020-1549/jars/wagon-http-3.5.3.jar
2026-03-03 17:36:01,720 [Worker-43: Launching Executing install in _Users_pankajkumar_Desktop_drive_project_WonderVerse_wonderverse-backend] INFO  o.eclipse.m2e.core.internal.Bundles - 	Entry: /Users/pankajkumar/.p2/pool/plugins/org.eclipse.m2e.maven.runtime_3.9.1101.20251020-1549/jars/wagon-http-shared-3.5.3.jar
2026-03-03 17:36:01,720 [Worker-43: Launching Executing install in _Users_pankajkumar_Desktop_drive_project_WonderVerse_wonderverse-backend] INFO  o.eclipse.m2e.core.internal.Bundles - 	Entry: /Users/pankajkumar/.p2/pool/plugins/org.eclipse.m2e.maven.runtime_3.9.1101.20251020-1549/jars/wagon-provider-api-3.5.3.jar
2026-03-03 17:36:01,720 [Worker-43: Launching Executing install in _Users_pankajkumar_Desktop_drive_project_WonderVerse_wonderverse-backend] INFO  o.eclipse.m2e.core.internal.Bundles - getClasspathEntries(Bundle=com.google.guava_33.5.0.jre [18])
2026-03-03 17:36:01,720 [Worker-43: Launching Executing install in _Users_pankajkumar_Desktop_drive_project_WonderVerse_wonderverse-backend] INFO  o.eclipse.m2e.core.internal.Bundles - 	Entry: /Users/pankajkumar/.p2/pool/plugins/com.google.guava_33.5.0.jre.jar
2026-03-03 17:36:01,720 [Worker-43: Launching Executing install in _Users_pankajkumar_Desktop_drive_project_WonderVerse_wonderverse-backend] INFO  o.eclipse.m2e.core.internal.Bundles - getClasspathEntries(Bundle=slf4j.api_2.0.17 [1011])
2026-03-03 17:36:01,720 [Worker-43: Launching Executing install in _Users_pankajkumar_Desktop_drive_project_WonderVerse_wonderverse-backend] INFO  o.eclipse.m2e.core.internal.Bundles - 	Entry: /Users/pankajkumar/.p2/pool/plugins/slf4j.api_2.0.17.jar
2026-03-03 17:36:01,720 [Worker-43: Launching Executing install in _Users_pankajkumar_Desktop_drive_project_WonderVerse_wonderverse-backend] INFO  o.eclipse.m2e.core.internal.Bundles - getClasspathEntries(Bundle=jakarta.inject.jakarta.inject-api_1.0.5 [35])
2026-03-03 17:36:01,720 [Worker-43: Launching Executing install in _Users_pankajkumar_Desktop_drive_project_WonderVerse_wonderverse-backend] INFO  o.eclipse.m2e.core.internal.Bundles - 	Entry: /Users/pankajkumar/.p2/pool/plugins/jakarta.inject.jakarta.inject-api_1.0.5.jar
2026-03-03 17:36:01,720 [Worker-43: Launching Executing install in _Users_pankajkumar_Desktop_drive_project_WonderVerse_wonderverse-backend] INFO  o.eclipse.m2e.core.internal.Bundles - getClasspathEntries(Bundle=jakarta.annotation-api_1.3.5 [31])
2026-03-03 17:36:01,720 [Worker-43: Launching Executing install in _Users_pankajkumar_Desktop_drive_project_WonderVerse_wonderverse-backend] INFO  o.eclipse.m2e.core.internal.Bundles - 	Entry: /Users/pankajkumar/.p2/pool/plugins/jakarta.annotation-api_1.3.5.jar
2026-03-03 17:36:01,720 [Worker-43: Launching Executing install in _Users_pankajkumar_Desktop_drive_project_WonderVerse_wonderverse-backend] INFO  o.eclipse.m2e.core.internal.Bundles - getClasspathEntries(Bundle=org.apache.commons.cli_1.11.0 [82])
2026-03-03 17:36:01,720 [Worker-43: Launching Executing install in _Users_pankajkumar_Desktop_drive_project_WonderVerse_wonderverse-backend] INFO  o.eclipse.m2e.core.internal.Bundles - 	Entry: /Users/pankajkumar/.p2/pool/plugins/org.apache.commons.cli_1.11.0.jar
2026-03-03 17:36:01,720 [Worker-43: Launching Executing install in _Users_pankajkumar_Desktop_drive_project_WonderVerse_wonderverse-backend] INFO  o.eclipse.m2e.core.internal.Bundles - getClasspathEntries(Bundle=org.apache.commons.commons-codec_1.20.0 [84])
2026-03-03 17:36:01,721 [Worker-43: Launching Executing install in _Users_pankajkumar_Desktop_drive_project_WonderVerse_wonderverse-backend] INFO  o.eclipse.m2e.core.internal.Bundles - 	Entry: /Users/pankajkumar/.p2/pool/plugins/org.apache.commons.commons-codec_1.20.0.jar
2026-03-03 17:36:01,721 [Worker-43: Launching Executing install in _Users_pankajkumar_Desktop_drive_project_WonderVerse_wonderverse-backend] INFO  o.eclipse.m2e.core.internal.Bundles - getClasspathEntries(Bundle=com.google.guava.failureaccess_1.0.3 [19])
2026-03-03 17:36:01,721 [Worker-43: Launching Executing install in _Users_pankajkumar_Desktop_drive_project_WonderVerse_wonderverse-backend] INFO  o.eclipse.m2e.core.internal.Bundles - 	Entry: /Users/pankajkumar/.p2/pool/plugins/com.google.guava.failureaccess_1.0.3.jar
2026-03-03 17:36:01,721 [Worker-43: Launching Executing install in _Users_pankajkumar_Desktop_drive_project_WonderVerse_wonderverse-backend] INFO  o.e.m.i.launch.MavenLaunchDelegate - Run build in "/Users/pankajkumar/Desktop/drive/project/WonderVerse/wonderverse-backend":
2026-03-03 17:36:01,721 [Worker-43: Launching Executing install in _Users_pankajkumar_Desktop_drive_project_WonderVerse_wonderverse-backend] INFO  o.e.m.i.launch.MavenLaunchDelegate -  mvn  -B -Dstyle.color=always install
2026-03-03 17:36:20,984 [main] INFO  o.e.m2e.actions.ExecutePomAction - Creating new launch configuration
2026-03-03 17:36:39,272 [Worker-34: Launching wonderverse-backend (2)] INFO  o.eclipse.m2e.core.internal.Bundles - getClasspathEntries(Bundle=org.eclipse.m2e.maven.runtime_3.9.1101.20251020-1549 [646])
2026-03-03 17:36:39,272 [Worker-34: Launching wonderverse-backend (2)] INFO  o.eclipse.m2e.core.internal.Bundles - 	Entry: /Users/pankajkumar/.p2/pool/plugins/org.eclipse.m2e.maven.runtime_3.9.1101.20251020-1549
2026-03-03 17:36:39,272 [Worker-34: Launching wonderverse-backend (2)] INFO  o.eclipse.m2e.core.internal.Bundles - 	Entry: /Users/pankajkumar/.p2/pool/plugins/org.eclipse.m2e.maven.runtime_3.9.1101.20251020-1549/jars/aopalliance-1.0.jar
2026-03-03 17:36:39,272 [Worker-34: Launching wonderverse-backend (2)] INFO  o.eclipse.m2e.core.internal.Bundles - 	Entry: /Users/pankajkumar/.p2/pool/plugins/org.eclipse.m2e.maven.runtime_3.9.1101.20251020-1549/jars/asm-9.8.jar
2026-03-03 17:36:39,272 [Worker-34: Launching wonderverse-backend (2)] INFO  o.eclipse.m2e.core.internal.Bundles - 	Entry: /Users/pankajkumar/.p2/pool/plugins/org.eclipse.m2e.maven.runtime_3.9.1101.20251020-1549/jars/error_prone_annotations-2.38.0.jar
2026-03-03 17:36:39,272 [Worker-34: Launching wonderverse-backend (2)] INFO  o.eclipse.m2e.core.internal.Bundles - 	Entry: /Users/pankajkumar/.p2/pool/plugins/org.eclipse.m2e.maven.runtime_3.9.1101.20251020-1549/jars/gson-2.13.1.jar
2026-03-03 17:36:39,272 [Worker-34: Launching wonderverse-backend (2)] INFO  o.eclipse.m2e.core.internal.Bundles - 	Entry: /Users/pankajkumar/.p2/pool/plugins/org.eclipse.m2e.maven.runtime_3.9.1101.20251020-1549/jars/guice-5.1.0-classes.jar
2026-03-03 17:36:39,272 [Worker-34: Launching wonderverse-backend (2)] INFO  o.eclipse.m2e.core.internal.Bundles - 	Entry: /Users/pankajkumar/.p2/pool/plugins/org.eclipse.m2e.maven.runtime_3.9.1101.20251020-1549/jars/httpclient-4.5.14.jar
2026-03-03 17:36:39,272 [Worker-34: Launching wonderverse-backend (2)] INFO  o.eclipse.m2e.core.internal.Bundles - 	Entry: /Users/pankajkumar/.p2/pool/plugins/org.eclipse.m2e.maven.runtime_3.9.1101.20251020-1549/jars/httpcore-4.4.16.jar
2026-03-03 17:36:39,272 [Worker-34: Launching wonderverse-backend (2)] INFO  o.eclipse.m2e.core.internal.Bundles - 	Entry: /Users/pankajkumar/.p2/pool/plugins/org.eclipse.m2e.maven.runtime_3.9.1101.20251020-1549/jars/jansi-2.4.2.jar
2026-03-03 17:36:39,272 [Worker-34: Launching wonderverse-backend (2)] INFO  o.eclipse.m2e.core.internal.Bundles - 	Entry: /Users/pankajkumar/.p2/pool/plugins/org.eclipse.m2e.maven.runtime_3.9.1101.20251020-1549/jars/jcl-over-slf4j-1.7.36.jar
2026-03-03 17:36:39,272 [Worker-34: Launching wonderverse-backend (2)] INFO  o.eclipse.m2e.core.internal.Bundles - 	Entry: /Users/pankajkumar/.p2/pool/plugins/org.eclipse.m2e.maven.runtime_3.9.1101.20251020-1549/jars/maven-artifact-3.9.11.jar
2026-03-03 17:36:39,272 [Worker-34: Launching wonderverse-backend (2)] INFO  o.eclipse.m2e.core.internal.Bundles - 	Entry: /Users/pankajkumar/.p2/pool/plugins/org.eclipse.m2e.maven.runtime_3.9.1101.20251020-1549/jars/maven-builder-support-3.9.11.jar
2026-03-03 17:36:39,272 [Worker-34: Launching wonderverse-backend (2)] INFO  o.eclipse.m2e.core.internal.Bundles - 	Entry: /Users/pankajkumar/.p2/pool/plugins/org.eclipse.m2e.maven.runtime_3.9.1101.20251020-1549/jars/maven-compat-3.9.11.jar
2026-03-03 17:36:39,272 [Worker-34: Launching wonderverse-backend (2)] INFO  o.eclipse.m2e.core.internal.Bundles - 	Entry: /Users/pankajkumar/.p2/pool/plugins/org.eclipse.m2e.maven.runtime_3.9.1101.20251020-1549/jars/maven-core-3.9.11.jar
2026-03-03 17:36:39,272 [Worker-34: Launching wonderverse-backend (2)] INFO  o.eclipse.m2e.core.internal.Bundles - 	Entry: /Users/pankajkumar/.p2/pool/plugins/org.eclipse.m2e.maven.runtime_3.9.1101.20251020-1549/jars/maven-embedder-3.9.11.jar
2026-03-03 17:36:39,272 [Worker-34: Launching wonderverse-backend (2)] INFO  o.eclipse.m2e.core.internal.Bundles - 	Entry: /Users/pankajkumar/.p2/pool/plugins/org.eclipse.m2e.maven.runtime_3.9.1101.20251020-1549/jars/maven-model-3.9.11.jar
2026-03-03 17:36:39,272 [Worker-34: Launching wonderverse-backend (2)] INFO  o.eclipse.m2e.core.internal.Bundles - 	Entry: /Users/pankajkumar/.p2/pool/plugins/org.eclipse.m2e.maven.runtime_3.9.1101.20251020-1549/jars/maven-model-builder-3.9.11.jar
2026-03-03 17:36:39,272 [Worker-34: Launching wonderverse-backend (2)] INFO  o.eclipse.m2e.core.internal.Bundles - 	Entry: /Users/pankajkumar/.p2/pool/plugins/org.eclipse.m2e.maven.runtime_3.9.1101.20251020-1549/jars/maven-plugin-api-3.9.11.jar
2026-03-03 17:36:39,272 [Worker-34: Launching wonderverse-backend (2)] INFO  o.eclipse.m2e.core.internal.Bundles - 	Entry: /Users/pankajkumar/.p2/pool/plugins/org.eclipse.m2e.maven.runtime_3.9.1101.20251020-1549/jars/maven-repository-metadata-3.9.11.jar
2026-03-03 17:36:39,272 [Worker-34: Launching wonderverse-backend (2)] INFO  o.eclipse.m2e.core.internal.Bundles - 	Entry: /Users/pankajkumar/.p2/pool/plugins/org.eclipse.m2e.maven.runtime_3.9.1101.20251020-1549/jars/maven-resolver-api-1.9.24.jar
2026-03-03 17:36:39,272 [Worker-34: Launching wonderverse-backend (2)] INFO  o.eclipse.m2e.core.internal.Bundles - 	Entry: /Users/pankajkumar/.p2/pool/plugins/org.eclipse.m2e.maven.runtime_3.9.1101.20251020-1549/jars/maven-resolver-connector-basic-1.9.24.jar
2026-03-03 17:36:39,272 [Worker-34: Launching wonderverse-backend (2)] INFO  o.eclipse.m2e.core.internal.Bundles - 	Entry: /Users/pankajkumar/.p2/pool/plugins/org.eclipse.m2e.maven.runtime_3.9.1101.20251020-1549/jars/maven-resolver-impl-1.9.24.jar
2026-03-03 17:36:39,272 [Worker-34: Launching wonderverse-backend (2)] INFO  o.eclipse.m2e.core.internal.Bundles - 	Entry: /Users/pankajkumar/.p2/pool/plugins/org.eclipse.m2e.maven.runtime_3.9.1101.20251020-1549/jars/maven-resolver-named-locks-1.9.24.jar
2026-03-03 17:36:39,272 [Worker-34: Launching wonderverse-backend (2)] INFO  o.eclipse.m2e.core.internal.Bundles - 	Entry: /Users/pankajkumar/.p2/pool/plugins/org.eclipse.m2e.maven.runtime_3.9.1101.20251020-1549/jars/maven-resolver-provider-3.9.11.jar
2026-03-03 17:36:39,272 [Worker-34: Launching wonderverse-backend (2)] INFO  o.eclipse.m2e.core.internal.Bundles - 	Entry: /Users/pankajkumar/.p2/pool/plugins/org.eclipse.m2e.maven.runtime_3.9.1101.20251020-1549/jars/maven-resolver-spi-1.9.24.jar
2026-03-03 17:36:39,272 [Worker-34: Launching wonderverse-backend (2)] INFO  o.eclipse.m2e.core.internal.Bundles - 	Entry: /Users/pankajkumar/.p2/pool/plugins/org.eclipse.m2e.maven.runtime_3.9.1101.20251020-1549/jars/maven-resolver-transport-file-1.9.24.jar
2026-03-03 17:36:39,273 [Worker-34: Launching wonderverse-backend (2)] INFO  o.eclipse.m2e.core.internal.Bundles - 	Entry: /Users/pankajkumar/.p2/pool/plugins/org.eclipse.m2e.maven.runtime_3.9.1101.20251020-1549/jars/maven-resolver-transport-http-1.9.24.jar
2026-03-03 17:36:39,273 [Worker-34: Launching wonderverse-backend (2)] INFO  o.eclipse.m2e.core.internal.Bundles - 	Entry: /Users/pankajkumar/.p2/pool/plugins/org.eclipse.m2e.maven.runtime_3.9.1101.20251020-1549/jars/maven-resolver-transport-wagon-1.9.24.jar
2026-03-03 17:36:39,273 [Worker-34: Launching wonderverse-backend (2)] INFO  o.eclipse.m2e.core.internal.Bundles - 	Entry: /Users/pankajkumar/.p2/pool/plugins/org.eclipse.m2e.maven.runtime_3.9.1101.20251020-1549/jars/maven-resolver-util-1.9.24.jar
2026-03-03 17:36:39,273 [Worker-34: Launching wonderverse-backend (2)] INFO  o.eclipse.m2e.core.internal.Bundles - 	Entry: /Users/pankajkumar/.p2/pool/plugins/org.eclipse.m2e.maven.runtime_3.9.1101.20251020-1549/jars/maven-settings-3.9.11.jar
2026-03-03 17:36:39,273 [Worker-34: Launching wonderverse-backend (2)] INFO  o.eclipse.m2e.core.internal.Bundles - 	Entry: /Users/pankajkumar/.p2/pool/plugins/org.eclipse.m2e.maven.runtime_3.9.1101.20251020-1549/jars/maven-settings-builder-3.9.11.jar
2026-03-03 17:36:39,273 [Worker-34: Launching wonderverse-backend (2)] INFO  o.eclipse.m2e.core.internal.Bundles - 	Entry: /Users/pankajkumar/.p2/pool/plugins/org.eclipse.m2e.maven.runtime_3.9.1101.20251020-1549/jars/maven-shared-utils-3.4.2.jar
2026-03-03 17:36:39,273 [Worker-34: Launching wonderverse-backend (2)] INFO  o.eclipse.m2e.core.internal.Bundles - 	Entry: /Users/pankajkumar/.p2/pool/plugins/org.eclipse.m2e.maven.runtime_3.9.1101.20251020-1549/jars/org.eclipse.sisu.inject-0.9.0.M4.jar
2026-03-03 17:36:39,273 [Worker-34: Launching wonderverse-backend (2)] INFO  o.eclipse.m2e.core.internal.Bundles - 	Entry: /Users/pankajkumar/.p2/pool/plugins/org.eclipse.m2e.maven.runtime_3.9.1101.20251020-1549/jars/org.eclipse.sisu.plexus-0.9.0.M4.jar
2026-03-03 17:36:39,273 [Worker-34: Launching wonderverse-backend (2)] INFO  o.eclipse.m2e.core.internal.Bundles - 	Entry: /Users/pankajkumar/.p2/pool/plugins/org.eclipse.m2e.maven.runtime_3.9.1101.20251020-1549/jars/plexus-build-api-0.0.7.jar
2026-03-03 17:36:39,273 [Worker-34: Launching wonderverse-backend (2)] INFO  o.eclipse.m2e.core.internal.Bundles - 	Entry: /Users/pankajkumar/.p2/pool/plugins/org.eclipse.m2e.maven.runtime_3.9.1101.20251020-1549/jars/plexus-build-api-1.2.0.jar
2026-03-03 17:36:39,273 [Worker-34: Launching wonderverse-backend (2)] INFO  o.eclipse.m2e.core.internal.Bundles - 	Entry: /Users/pankajkumar/.p2/pool/plugins/org.eclipse.m2e.maven.runtime_3.9.1101.20251020-1549/jars/plexus-cipher-2.0.jar
2026-03-03 17:36:39,273 [Worker-34: Launching wonderverse-backend (2)] INFO  o.eclipse.m2e.core.internal.Bundles - 	Entry: /Users/pankajkumar/.p2/pool/plugins/org.eclipse.m2e.maven.runtime_3.9.1101.20251020-1549/jars/plexus-classworlds-2.9.0.jar
2026-03-03 17:36:39,273 [Worker-34: Launching wonderverse-backend (2)] INFO  o.eclipse.m2e.core.internal.Bundles - 	Entry: /Users/pankajkumar/.p2/pool/plugins/org.eclipse.m2e.maven.runtime_3.9.1101.20251020-1549/jars/plexus-component-annotations-2.2.0.jar
2026-03-03 17:36:39,273 [Worker-34: Launching wonderverse-backend (2)] INFO  o.eclipse.m2e.core.internal.Bundles - 	Entry: /Users/pankajkumar/.p2/pool/plugins/org.eclipse.m2e.maven.runtime_3.9.1101.20251020-1549/jars/plexus-interpolation-1.28.jar
2026-03-03 17:36:39,273 [Worker-34: Launching wonderverse-backend (2)] INFO  o.eclipse.m2e.core.internal.Bundles - 	Entry: /Users/pankajkumar/.p2/pool/plugins/org.eclipse.m2e.maven.runtime_3.9.1101.20251020-1549/jars/plexus-sec-dispatcher-2.0.jar
2026-03-03 17:36:39,273 [Worker-34: Launching wonderverse-backend (2)] INFO  o.eclipse.m2e.core.internal.Bundles - 	Entry: /Users/pankajkumar/.p2/pool/plugins/org.eclipse.m2e.maven.runtime_3.9.1101.20251020-1549/jars/plexus-utils-3.6.0.jar
2026-03-03 17:36:39,273 [Worker-34: Launching wonderverse-backend (2)] INFO  o.eclipse.m2e.core.internal.Bundles - 	Entry: /Users/pankajkumar/.p2/pool/plugins/org.eclipse.m2e.maven.runtime_3.9.1101.20251020-1549/jars/wagon-file-3.5.3.jar
2026-03-03 17:36:39,273 [Worker-34: Launching wonderverse-backend (2)] INFO  o.eclipse.m2e.core.internal.Bundles - 	Entry: /Users/pankajkumar/.p2/pool/plugins/org.eclipse.m2e.maven.runtime_3.9.1101.20251020-1549/jars/wagon-http-3.5.3.jar
2026-03-03 17:36:39,273 [Worker-34: Launching wonderverse-backend (2)] INFO  o.eclipse.m2e.core.internal.Bundles - 	Entry: /Users/pankajkumar/.p2/pool/plugins/org.eclipse.m2e.maven.runtime_3.9.1101.20251020-1549/jars/wagon-http-shared-3.5.3.jar
2026-03-03 17:36:39,273 [Worker-34: Launching wonderverse-backend (2)] INFO  o.eclipse.m2e.core.internal.Bundles - 	Entry: /Users/pankajkumar/.p2/pool/plugins/org.eclipse.m2e.maven.runtime_3.9.1101.20251020-1549/jars/wagon-provider-api-3.5.3.jar
2026-03-03 17:36:39,273 [Worker-34: Launching wonderverse-backend (2)] INFO  o.eclipse.m2e.core.internal.Bundles - getClasspathEntries(Bundle=com.google.guava_33.5.0.jre [18])
2026-03-03 17:36:39,273 [Worker-34: Launching wonderverse-backend (2)] INFO  o.eclipse.m2e.core.internal.Bundles - 	Entry: /Users/pankajkumar/.p2/pool/plugins/com.google.guava_33.5.0.jre.jar
2026-03-03 17:36:39,273 [Worker-34: Launching wonderverse-backend (2)] INFO  o.eclipse.m2e.core.internal.Bundles - getClasspathEntries(Bundle=slf4j.api_2.0.17 [1011])
2026-03-03 17:36:39,273 [Worker-34: Launching wonderverse-backend (2)] INFO  o.eclipse.m2e.core.internal.Bundles - 	Entry: /Users/pankajkumar/.p2/pool/plugins/slf4j.api_2.0.17.jar
2026-03-03 17:36:39,273 [Worker-34: Launching wonderverse-backend (2)] INFO  o.eclipse.m2e.core.internal.Bundles - getClasspathEntries(Bundle=jakarta.inject.jakarta.inject-api_1.0.5 [35])
2026-03-03 17:36:39,273 [Worker-34: Launching wonderverse-backend (2)] INFO  o.eclipse.m2e.core.internal.Bundles - 	Entry: /Users/pankajkumar/.p2/pool/plugins/jakarta.inject.jakarta.inject-api_1.0.5.jar
2026-03-03 17:36:39,273 [Worker-34: Launching wonderverse-backend (2)] INFO  o.eclipse.m2e.core.internal.Bundles - getClasspathEntries(Bundle=jakarta.annotation-api_1.3.5 [31])
2026-03-03 17:36:39,273 [Worker-34: Launching wonderverse-backend (2)] INFO  o.eclipse.m2e.core.internal.Bundles - 	Entry: /Users/pankajkumar/.p2/pool/plugins/jakarta.annotation-api_1.3.5.jar
2026-03-03 17:36:39,273 [Worker-34: Launching wonderverse-backend (2)] INFO  o.eclipse.m2e.core.internal.Bundles - getClasspathEntries(Bundle=org.apache.commons.cli_1.11.0 [82])
2026-03-03 17:36:39,273 [Worker-34: Launching wonderverse-backend (2)] INFO  o.eclipse.m2e.core.internal.Bundles - 	Entry: /Users/pankajkumar/.p2/pool/plugins/org.apache.commons.cli_1.11.0.jar
2026-03-03 17:36:39,273 [Worker-34: Launching wonderverse-backend (2)] INFO  o.eclipse.m2e.core.internal.Bundles - getClasspathEntries(Bundle=org.apache.commons.commons-codec_1.20.0 [84])
2026-03-03 17:36:39,273 [Worker-34: Launching wonderverse-backend (2)] INFO  o.eclipse.m2e.core.internal.Bundles - 	Entry: /Users/pankajkumar/.p2/pool/plugins/org.apache.commons.commons-codec_1.20.0.jar
2026-03-03 17:36:39,273 [Worker-34: Launching wonderverse-backend (2)] INFO  o.eclipse.m2e.core.internal.Bundles - getClasspathEntries(Bundle=com.google.guava.failureaccess_1.0.3 [19])
2026-03-03 17:36:39,273 [Worker-34: Launching wonderverse-backend (2)] INFO  o.eclipse.m2e.core.internal.Bundles - 	Entry: /Users/pankajkumar/.p2/pool/plugins/com.google.guava.failureaccess_1.0.3.jar
2026-03-03 17:36:39,274 [Worker-34: Launching wonderverse-backend (2)] INFO  o.e.m.i.launch.MavenLaunchDelegate - Run build in "/Users/pankajkumar/Desktop/drive/project/WonderVerse/wonderverse-backend":
2026-03-03 17:36:39,274 [Worker-34: Launching wonderverse-backend (2)] INFO  o.e.m.i.launch.MavenLaunchDelegate -  mvn  -B -Dstyle.color=always spring-boot:run
2026-03-03 17:38:21,531 [Worker-45: Building] INFO  o.a.m.s.f.DefaultMavenResourcesFiltering - Copying 1 resource from src/main/resources to target/classes
2026-03-03 17:38:21,537 [Worker-45: Building] INFO  o.a.m.s.f.DefaultMavenResourcesFiltering - Copying 0 resource from src/main/resources to target/classes
2026-03-03 17:38:21,538 [Worker-45: Building] INFO  o.a.m.s.f.DefaultMavenResourcesFiltering - skip non existing resourceDirectory /Users/pankajkumar/Desktop/drive/project/WonderVerse/wonderverse-backend/src/test/resources
2026-03-03 17:38:21,538 [Worker-45: Building] WARN  o.apache.maven.project.MavenProject - Direct modification of compileSourceRoots through clear() is deprecated and will not work in Maven 4.0.0. Please use the add/remove methods instead. If you're using a plugin that causes this warning, please upgrade to the latest version and report an issue if the warning persists. To disable these warnings, set -Dmaven.project.sourceRoots.warningsDisabled=true on the command line, in the .mvn/maven.config file, or in project POM properties.
2026-03-03 17:38:21,539 [Worker-45: Building] WARN  o.apache.maven.project.MavenProject - Direct modification of compileSourceRoots through add() is deprecated and will not work in Maven 4.0.0. Please use the add/remove methods instead. If you're using a plugin that causes this warning, please upgrade to the latest version and report an issue if the warning persists. To disable these warnings, set -Dmaven.project.sourceRoots.warningsDisabled=true on the command line, in the .mvn/maven.config file, or in project POM properties.
2026-03-03 17:38:21,539 [Worker-45: Building] WARN  o.apache.maven.project.MavenProject - Direct modification of testCompileSourceRoots through clear() is deprecated and will not work in Maven 4.0.0. Please use the add/remove methods instead. If you're using a plugin that causes this warning, please upgrade to the latest version and report an issue if the warning persists. To disable these warnings, set -Dmaven.project.sourceRoots.warningsDisabled=true on the command line, in the .mvn/maven.config file, or in project POM properties.
2026-03-03 17:38:21,539 [Worker-45: Building] WARN  o.apache.maven.project.MavenProject - Direct modification of testCompileSourceRoots through add() is deprecated and will not work in Maven 4.0.0. Please use the add/remove methods instead. If you're using a plugin that causes this warning, please upgrade to the latest version and report an issue if the warning persists. To disable these warnings, set -Dmaven.project.sourceRoots.warningsDisabled=true on the command line, in the .mvn/maven.config file, or in project POM properties.
2026-03-03 17:42:20,130 [Worker-49: Building] INFO  o.a.m.s.f.DefaultMavenResourcesFiltering - Copying 1 resource from src/main/resources to target/classes
2026-03-03 17:42:20,135 [Worker-49: Building] INFO  o.a.m.s.f.DefaultMavenResourcesFiltering - Copying 0 resource from src/main/resources to target/classes
2026-03-03 17:42:20,137 [Worker-49: Building] INFO  o.a.m.s.f.DefaultMavenResourcesFiltering - skip non existing resourceDirectory /Users/pankajkumar/Desktop/drive/project/WonderVerse/wonderverse-backend/src/test/resources
2026-03-03 17:42:20,137 [Worker-49: Building] WARN  o.apache.maven.project.MavenProject - Direct modification of compileSourceRoots through clear() is deprecated and will not work in Maven 4.0.0. Please use the add/remove methods instead. If you're using a plugin that causes this warning, please upgrade to the latest version and report an issue if the warning persists. To disable these warnings, set -Dmaven.project.sourceRoots.warningsDisabled=true on the command line, in the .mvn/maven.config file, or in project POM properties.
2026-03-03 17:42:20,138 [Worker-49: Building] WARN  o.apache.maven.project.MavenProject - Direct modification of compileSourceRoots through add() is deprecated and will not work in Maven 4.0.0. Please use the add/remove methods instead. If you're using a plugin that causes this warning, please upgrade to the latest version and report an issue if the warning persists. To disable these warnings, set -Dmaven.project.sourceRoots.warningsDisabled=true on the command line, in the .mvn/maven.config file, or in project POM properties.
2026-03-03 17:42:20,138 [Worker-49: Building] WARN  o.apache.maven.project.MavenProject - Direct modification of testCompileSourceRoots through clear() is deprecated and will not work in Maven 4.0.0. Please use the add/remove methods instead. If you're using a plugin that causes this warning, please upgrade to the latest version and report an issue if the warning persists. To disable these warnings, set -Dmaven.project.sourceRoots.warningsDisabled=true on the command line, in the .mvn/maven.config file, or in project POM properties.
2026-03-03 17:42:20,138 [Worker-49: Building] WARN  o.apache.maven.project.MavenProject - Direct modification of testCompileSourceRoots through add() is deprecated and will not work in Maven 4.0.0. Please use the add/remove methods instead. If you're using a plugin that causes this warning, please upgrade to the latest version and report an issue if the warning persists. To disable these warnings, set -Dmaven.project.sourceRoots.warningsDisabled=true on the command line, in the .mvn/maven.config file, or in project POM properties.
2026-03-03 17:42:45,311 [Worker-37: Building] INFO  o.a.m.s.f.DefaultMavenResourcesFiltering - Copying 1 resource from src/main/resources to target/classes
2026-03-03 17:42:45,315 [Worker-37: Building] INFO  o.a.m.s.f.DefaultMavenResourcesFiltering - Copying 0 resource from src/main/resources to target/classes
2026-03-03 17:42:45,316 [Worker-37: Building] INFO  o.a.m.s.f.DefaultMavenResourcesFiltering - skip non existing resourceDirectory /Users/pankajkumar/Desktop/drive/project/WonderVerse/wonderverse-backend/src/test/resources
2026-03-03 17:42:45,322 [Worker-37: Building] WARN  o.apache.maven.project.MavenProject - Direct modification of compileSourceRoots through clear() is deprecated and will not work in Maven 4.0.0. Please use the add/remove methods instead. If you're using a plugin that causes this warning, please upgrade to the latest version and report an issue if the warning persists. To disable these warnings, set -Dmaven.project.sourceRoots.warningsDisabled=true on the command line, in the .mvn/maven.config file, or in project POM properties.
2026-03-03 17:42:45,322 [Worker-37: Building] WARN  o.apache.maven.project.MavenProject - Direct modification of compileSourceRoots through add() is deprecated and will not work in Maven 4.0.0. Please use the add/remove methods instead. If you're using a plugin that causes this warning, please upgrade to the latest version and report an issue if the warning persists. To disable these warnings, set -Dmaven.project.sourceRoots.warningsDisabled=true on the command line, in the .mvn/maven.config file, or in project POM properties.
2026-03-03 17:42:45,323 [Worker-37: Building] WARN  o.apache.maven.project.MavenProject - Direct modification of testCompileSourceRoots through clear() is deprecated and will not work in Maven 4.0.0. Please use the add/remove methods instead. If you're using a plugin that causes this warning, please upgrade to the latest version and report an issue if the warning persists. To disable these warnings, set -Dmaven.project.sourceRoots.warningsDisabled=true on the command line, in the .mvn/maven.config file, or in project POM properties.
2026-03-03 17:42:45,323 [Worker-37: Building] WARN  o.apache.maven.project.MavenProject - Direct modification of testCompileSourceRoots through add() is deprecated and will not work in Maven 4.0.0. Please use the add/remove methods instead. If you're using a plugin that causes this warning, please upgrade to the latest version and report an issue if the warning persists. To disable these warnings, set -Dmaven.project.sourceRoots.warningsDisabled=true on the command line, in the .mvn/maven.config file, or in project POM properties.
2026-03-03 17:43:07,858 [Worker-47: Building] INFO  o.a.m.s.f.DefaultMavenResourcesFiltering - Copying 1 resource from src/main/resources to target/classes
2026-03-03 17:43:07,861 [Worker-47: Building] INFO  o.a.m.s.f.DefaultMavenResourcesFiltering - Copying 0 resource from src/main/resources to target/classes
2026-03-03 17:43:07,863 [Worker-47: Building] INFO  o.a.m.s.f.DefaultMavenResourcesFiltering - skip non existing resourceDirectory /Users/pankajkumar/Desktop/drive/project/WonderVerse/wonderverse-backend/src/test/resources
2026-03-03 17:43:07,863 [Worker-47: Building] WARN  o.apache.maven.project.MavenProject - Direct modification of compileSourceRoots through clear() is deprecated and will not work in Maven 4.0.0. Please use the add/remove methods instead. If you're using a plugin that causes this warning, please upgrade to the latest version and report an issue if the warning persists. To disable these warnings, set -Dmaven.project.sourceRoots.warningsDisabled=true on the command line, in the .mvn/maven.config file, or in project POM properties.
2026-03-03 17:43:07,863 [Worker-47: Building] WARN  o.apache.maven.project.MavenProject - Direct modification of compileSourceRoots through add() is deprecated and will not work in Maven 4.0.0. Please use the add/remove methods instead. If you're using a plugin that causes this warning, please upgrade to the latest version and report an issue if the warning persists. To disable these warnings, set -Dmaven.project.sourceRoots.warningsDisabled=true on the command line, in the .mvn/maven.config file, or in project POM properties.
2026-03-03 17:43:07,863 [Worker-47: Building] WARN  o.apache.maven.project.MavenProject - Direct modification of testCompileSourceRoots through clear() is deprecated and will not work in Maven 4.0.0. Please use the add/remove methods instead. If you're using a plugin that causes this warning, please upgrade to the latest version and report an issue if the warning persists. To disable these warnings, set -Dmaven.project.sourceRoots.warningsDisabled=true on the command line, in the .mvn/maven.config file, or in project POM properties.
2026-03-03 17:43:07,864 [Worker-47: Building] WARN  o.apache.maven.project.MavenProject - Direct modification of testCompileSourceRoots through add() is deprecated and will not work in Maven 4.0.0. Please use the add/remove methods instead. If you're using a plugin that causes this warning, please upgrade to the latest version and report an issue if the warning persists. To disable these warnings, set -Dmaven.project.sourceRoots.warningsDisabled=true on the command line, in the .mvn/maven.config file, or in project POM properties.
2026-03-03 17:47:42,074 [Worker-64: Building] INFO  o.a.m.s.f.DefaultMavenResourcesFiltering - Copying 1 resource from src/main/resources to target/classes
2026-03-03 17:47:42,079 [Worker-64: Building] INFO  o.a.m.s.f.DefaultMavenResourcesFiltering - Copying 0 resource from src/main/resources to target/classes
2026-03-03 17:47:42,080 [Worker-64: Building] INFO  o.a.m.s.f.DefaultMavenResourcesFiltering - skip non existing resourceDirectory /Users/pankajkumar/Desktop/drive/project/WonderVerse/wonderverse-backend/src/test/resources
2026-03-03 17:47:42,081 [Worker-64: Building] WARN  o.apache.maven.project.MavenProject - Direct modification of compileSourceRoots through clear() is deprecated and will not work in Maven 4.0.0. Please use the add/remove methods instead. If you're using a plugin that causes this warning, please upgrade to the latest version and report an issue if the warning persists. To disable these warnings, set -Dmaven.project.sourceRoots.warningsDisabled=true on the command line, in the .mvn/maven.config file, or in project POM properties.
2026-03-03 17:47:42,082 [Worker-64: Building] WARN  o.apache.maven.project.MavenProject - Direct modification of compileSourceRoots through add() is deprecated and will not work in Maven 4.0.0. Please use the add/remove methods instead. If you're using a plugin that causes this warning, please upgrade to the latest version and report an issue if the warning persists. To disable these warnings, set -Dmaven.project.sourceRoots.warningsDisabled=true on the command line, in the .mvn/maven.config file, or in project POM properties.
2026-03-03 17:47:42,082 [Worker-64: Building] WARN  o.apache.maven.project.MavenProject - Direct modification of testCompileSourceRoots through clear() is deprecated and will not work in Maven 4.0.0. Please use the add/remove methods instead. If you're using a plugin that causes this warning, please upgrade to the latest version and report an issue if the warning persists. To disable these warnings, set -Dmaven.project.sourceRoots.warningsDisabled=true on the command line, in the .mvn/maven.config file, or in project POM properties.
2026-03-03 17:47:42,082 [Worker-64: Building] WARN  o.apache.maven.project.MavenProject - Direct modification of testCompileSourceRoots through add() is deprecated and will not work in Maven 4.0.0. Please use the add/remove methods instead. If you're using a plugin that causes this warning, please upgrade to the latest version and report an issue if the warning persists. To disable these warnings, set -Dmaven.project.sourceRoots.warningsDisabled=true on the command line, in the .mvn/maven.config file, or in project POM properties.
2026-03-03 17:48:02,975 [Worker-61: Building] INFO  o.a.m.s.f.DefaultMavenResourcesFiltering - Copying 1 resource from src/main/resources to target/classes
2026-03-03 17:48:02,979 [Worker-61: Building] INFO  o.a.m.s.f.DefaultMavenResourcesFiltering - Copying 0 resource from src/main/resources to target/classes
2026-03-03 17:48:02,982 [Worker-61: Building] INFO  o.a.m.s.f.DefaultMavenResourcesFiltering - skip non existing resourceDirectory /Users/pankajkumar/Desktop/drive/project/WonderVerse/wonderverse-backend/src/test/resources
2026-03-03 17:48:02,983 [Worker-61: Building] WARN  o.apache.maven.project.MavenProject - Direct modification of compileSourceRoots through clear() is deprecated and will not work in Maven 4.0.0. Please use the add/remove methods instead. If you're using a plugin that causes this warning, please upgrade to the latest version and report an issue if the warning persists. To disable these warnings, set -Dmaven.project.sourceRoots.warningsDisabled=true on the command line, in the .mvn/maven.config file, or in project POM properties.
2026-03-03 17:48:02,983 [Worker-61: Building] WARN  o.apache.maven.project.MavenProject - Direct modification of compileSourceRoots through add() is deprecated and will not work in Maven 4.0.0. Please use the add/remove methods instead. If you're using a plugin that causes this warning, please upgrade to the latest version and report an issue if the warning persists. To disable these warnings, set -Dmaven.project.sourceRoots.warningsDisabled=true on the command line, in the .mvn/maven.config file, or in project POM properties.
2026-03-03 17:48:02,984 [Worker-61: Building] WARN  o.apache.maven.project.MavenProject - Direct modification of testCompileSourceRoots through clear() is deprecated and will not work in Maven 4.0.0. Please use the add/remove methods instead. If you're using a plugin that causes this warning, please upgrade to the latest version and report an issue if the warning persists. To disable these warnings, set -Dmaven.project.sourceRoots.warningsDisabled=true on the command line, in the .mvn/maven.config file, or in project POM properties.
2026-03-03 17:48:02,984 [Worker-61: Building] WARN  o.apache.maven.project.MavenProject - Direct modification of testCompileSourceRoots through add() is deprecated and will not work in Maven 4.0.0. Please use the add/remove methods instead. If you're using a plugin that causes this warning, please upgrade to the latest version and report an issue if the warning persists. To disable these warnings, set -Dmaven.project.sourceRoots.warningsDisabled=true on the command line, in the .mvn/maven.config file, or in project POM properties.
2026-03-03 17:49:16,182 [Worker-62: Building] INFO  o.a.m.s.f.DefaultMavenResourcesFiltering - Copying 1 resource from src/main/resources to target/classes
2026-03-03 17:49:16,184 [Worker-62: Building] INFO  o.a.m.s.f.DefaultMavenResourcesFiltering - Copying 0 resource from src/main/resources to target/classes
2026-03-03 17:49:16,185 [Worker-62: Building] INFO  o.a.m.s.f.DefaultMavenResourcesFiltering - skip non existing resourceDirectory /Users/pankajkumar/Desktop/drive/project/WonderVerse/wonderverse-backend/src/test/resources
2026-03-03 17:49:16,185 [Worker-62: Building] WARN  o.apache.maven.project.MavenProject - Direct modification of compileSourceRoots through clear() is deprecated and will not work in Maven 4.0.0. Please use the add/remove methods instead. If you're using a plugin that causes this warning, please upgrade to the latest version and report an issue if the warning persists. To disable these warnings, set -Dmaven.project.sourceRoots.warningsDisabled=true on the command line, in the .mvn/maven.config file, or in project POM properties.
2026-03-03 17:49:16,186 [Worker-62: Building] WARN  o.apache.maven.project.MavenProject - Direct modification of compileSourceRoots through add() is deprecated and will not work in Maven 4.0.0. Please use the add/remove methods instead. If you're using a plugin that causes this warning, please upgrade to the latest version and report an issue if the warning persists. To disable these warnings, set -Dmaven.project.sourceRoots.warningsDisabled=true on the command line, in the .mvn/maven.config file, or in project POM properties.
2026-03-03 17:49:16,186 [Worker-62: Building] WARN  o.apache.maven.project.MavenProject - Direct modification of testCompileSourceRoots through clear() is deprecated and will not work in Maven 4.0.0. Please use the add/remove methods instead. If you're using a plugin that causes this warning, please upgrade to the latest version and report an issue if the warning persists. To disable these warnings, set -Dmaven.project.sourceRoots.warningsDisabled=true on the command line, in the .mvn/maven.config file, or in project POM properties.
2026-03-03 17:49:16,186 [Worker-62: Building] WARN  o.apache.maven.project.MavenProject - Direct modification of testCompileSourceRoots through add() is deprecated and will not work in Maven 4.0.0. Please use the add/remove methods instead. If you're using a plugin that causes this warning, please upgrade to the latest version and report an issue if the warning persists. To disable these warnings, set -Dmaven.project.sourceRoots.warningsDisabled=true on the command line, in the .mvn/maven.config file, or in project POM properties.
2026-03-03 17:49:21,356 [Worker-60: Building] INFO  o.a.m.s.f.DefaultMavenResourcesFiltering - Copying 1 resource from src/main/resources to target/classes
2026-03-03 17:49:21,357 [Worker-60: Building] INFO  o.a.m.s.f.DefaultMavenResourcesFiltering - Copying 0 resource from src/main/resources to target/classes
2026-03-03 17:49:21,358 [Worker-60: Building] INFO  o.a.m.s.f.DefaultMavenResourcesFiltering - skip non existing resourceDirectory /Users/pankajkumar/Desktop/drive/project/WonderVerse/wonderverse-backend/src/test/resources
2026-03-03 17:49:21,358 [Worker-60: Building] WARN  o.apache.maven.project.MavenProject - Direct modification of compileSourceRoots through clear() is deprecated and will not work in Maven 4.0.0. Please use the add/remove methods instead. If you're using a plugin that causes this warning, please upgrade to the latest version and report an issue if the warning persists. To disable these warnings, set -Dmaven.project.sourceRoots.warningsDisabled=true on the command line, in the .mvn/maven.config file, or in project POM properties.
2026-03-03 17:49:21,358 [Worker-60: Building] WARN  o.apache.maven.project.MavenProject - Direct modification of compileSourceRoots through add() is deprecated and will not work in Maven 4.0.0. Please use the add/remove methods instead. If you're using a plugin that causes this warning, please upgrade to the latest version and report an issue if the warning persists. To disable these warnings, set -Dmaven.project.sourceRoots.warningsDisabled=true on the command line, in the .mvn/maven.config file, or in project POM properties.
2026-03-03 17:49:21,358 [Worker-60: Building] WARN  o.apache.maven.project.MavenProject - Direct modification of testCompileSourceRoots through clear() is deprecated and will not work in Maven 4.0.0. Please use the add/remove methods instead. If you're using a plugin that causes this warning, please upgrade to the latest version and report an issue if the warning persists. To disable these warnings, set -Dmaven.project.sourceRoots.warningsDisabled=true on the command line, in the .mvn/maven.config file, or in project POM properties.
2026-03-03 17:49:21,359 [Worker-60: Building] WARN  o.apache.maven.project.MavenProject - Direct modification of testCompileSourceRoots through add() is deprecated and will not work in Maven 4.0.0. Please use the add/remove methods instead. If you're using a plugin that causes this warning, please upgrade to the latest version and report an issue if the warning persists. To disable these warnings, set -Dmaven.project.sourceRoots.warningsDisabled=true on the command line, in the .mvn/maven.config file, or in project POM properties.
2026-03-03 17:50:27,986 [Worker-47: Building] INFO  o.e.m.c.i.l.LifecycleMappingFactory - Using org.eclipse.m2e.jdt.JarLifecycleMapping lifecycle mapping for MavenProject: com.wonderverse:wonderverse-backend:0.0.1-SNAPSHOT @ /Users/pankajkumar/Desktop/drive/project/WonderVerse/wonderverse-backend/pom.xml.
2026-03-03 17:50:28,331 [Worker-47: Building] INFO  o.e.m.c.i.e.AbstractTransferListenerAdapter - Downloading https://repo.maven.apache.org/maven2/org/projectlombok/lombok/1.18.30/lombok-1.18.30.pom
2026-03-03 17:50:28,332 [Worker-47: Building] INFO  o.e.m.c.i.e.AbstractTransferListenerAdapter - Downloaded https://repo.maven.apache.org/maven2/org/projectlombok/lombok/1.18.30/lombok-1.18.30.pom
2026-03-03 17:50:28,439 [Worker-47: Building] INFO  o.e.m.c.i.e.AbstractTransferListenerAdapter - Downloading https://repo.maven.apache.org/maven2/org/projectlombok/lombok/1.18.30/lombok-1.18.30.jar
2026-03-03 17:50:29,709 [Worker-47: Building] INFO  o.e.m.c.i.e.AbstractTransferListenerAdapter - Downloaded https://repo.maven.apache.org/maven2/org/projectlombok/lombok/1.18.30/lombok-1.18.30.jar
2026-03-03 17:50:29,873 [Worker-47: Building] INFO  o.a.m.s.f.DefaultMavenResourcesFiltering - Copying 0 resource from src/main/resources to target/classes
2026-03-03 17:50:29,874 [Worker-47: Building] INFO  o.a.m.s.f.DefaultMavenResourcesFiltering - Copying 0 resource from src/main/resources to target/classes
2026-03-03 17:50:29,876 [Worker-47: Building] INFO  o.a.m.s.f.DefaultMavenResourcesFiltering - skip non existing resourceDirectory /Users/pankajkumar/Desktop/drive/project/WonderVerse/wonderverse-backend/src/test/resources
2026-03-03 17:50:29,881 [Worker-47: Building] WARN  o.apache.maven.project.MavenProject - Direct modification of compileSourceRoots through clear() is deprecated and will not work in Maven 4.0.0. Please use the add/remove methods instead. If you're using a plugin that causes this warning, please upgrade to the latest version and report an issue if the warning persists. To disable these warnings, set -Dmaven.project.sourceRoots.warningsDisabled=true on the command line, in the .mvn/maven.config file, or in project POM properties.
2026-03-03 17:50:29,882 [Worker-47: Building] WARN  o.apache.maven.project.MavenProject - Direct modification of compileSourceRoots through add() is deprecated and will not work in Maven 4.0.0. Please use the add/remove methods instead. If you're using a plugin that causes this warning, please upgrade to the latest version and report an issue if the warning persists. To disable these warnings, set -Dmaven.project.sourceRoots.warningsDisabled=true on the command line, in the .mvn/maven.config file, or in project POM properties.
2026-03-03 17:50:29,882 [Worker-47: Building] WARN  o.apache.maven.project.MavenProject - Direct modification of testCompileSourceRoots through clear() is deprecated and will not work in Maven 4.0.0. Please use the add/remove methods instead. If you're using a plugin that causes this warning, please upgrade to the latest version and report an issue if the warning persists. To disable these warnings, set -Dmaven.project.sourceRoots.warningsDisabled=true on the command line, in the .mvn/maven.config file, or in project POM properties.
2026-03-03 17:50:29,882 [Worker-47: Building] WARN  o.apache.maven.project.MavenProject - Direct modification of testCompileSourceRoots through add() is deprecated and will not work in Maven 4.0.0. Please use the add/remove methods instead. If you're using a plugin that causes this warning, please upgrade to the latest version and report an issue if the warning persists. To disable these warnings, set -Dmaven.project.sourceRoots.warningsDisabled=true on the command line, in the .mvn/maven.config file, or in project POM properties.
2026-03-03 17:50:31,043 [Worker-67: Building] INFO  o.a.m.s.f.DefaultMavenResourcesFiltering - Copying 1 resource from src/main/resources to target/classes
2026-03-03 17:50:31,052 [Worker-67: Building] INFO  o.a.m.s.f.DefaultMavenResourcesFiltering - Copying 0 resource from src/main/resources to target/classes
2026-03-03 17:50:31,053 [Worker-67: Building] INFO  o.a.m.s.f.DefaultMavenResourcesFiltering - skip non existing resourceDirectory /Users/pankajkumar/Desktop/drive/project/WonderVerse/wonderverse-backend/src/test/resources
2026-03-03 17:50:31,058 [Worker-67: Building] WARN  o.apache.maven.project.MavenProject - Direct modification of compileSourceRoots through clear() is deprecated and will not work in Maven 4.0.0. Please use the add/remove methods instead. If you're using a plugin that causes this warning, please upgrade to the latest version and report an issue if the warning persists. To disable these warnings, set -Dmaven.project.sourceRoots.warningsDisabled=true on the command line, in the .mvn/maven.config file, or in project POM properties.
2026-03-03 17:50:31,058 [Worker-67: Building] WARN  o.apache.maven.project.MavenProject - Direct modification of compileSourceRoots through add() is deprecated and will not work in Maven 4.0.0. Please use the add/remove methods instead. If you're using a plugin that causes this warning, please upgrade to the latest version and report an issue if the warning persists. To disable these warnings, set -Dmaven.project.sourceRoots.warningsDisabled=true on the command line, in the .mvn/maven.config file, or in project POM properties.
2026-03-03 17:50:31,058 [Worker-67: Building] WARN  o.apache.maven.project.MavenProject - Direct modification of testCompileSourceRoots through clear() is deprecated and will not work in Maven 4.0.0. Please use the add/remove methods instead. If you're using a plugin that causes this warning, please upgrade to the latest version and report an issue if the warning persists. To disable these warnings, set -Dmaven.project.sourceRoots.warningsDisabled=true on the command line, in the .mvn/maven.config file, or in project POM properties.
2026-03-03 17:50:31,058 [Worker-67: Building] WARN  o.apache.maven.project.MavenProject - Direct modification of testCompileSourceRoots through add() is deprecated and will not work in Maven 4.0.0. Please use the add/remove methods instead. If you're using a plugin that causes this warning, please upgrade to the latest version and report an issue if the warning persists. To disable these warnings, set -Dmaven.project.sourceRoots.warningsDisabled=true on the command line, in the .mvn/maven.config file, or in project POM properties.
2026-03-03 17:50:31,403 [Worker-47: Download sources and javadoc] INFO  o.e.m.c.i.e.AbstractTransferListenerAdapter - Downloading https://repo.maven.apache.org/maven2/org/projectlombok/lombok/1.18.30/lombok-1.18.30-sources.jar
2026-03-03 17:50:31,644 [Worker-47: Download sources and javadoc] INFO  o.e.m.c.i.e.AbstractTransferListenerAdapter - Downloaded https://repo.maven.apache.org/maven2/org/projectlombok/lombok/1.18.30/lombok-1.18.30-sources.jar
2026-03-03 17:50:31,645 [Worker-47: Download sources and javadoc] INFO  o.e.m.j.internal.DownloadSourcesJob - Downloaded sources for org.projectlombok:lombok:1.18.30
2026-03-03 17:53:31,511 [Worker-47: Updating maven projects] INFO  o.e.m.c.i.p.ProjectConfigurationManager - Update started
2026-03-03 17:53:31,649 [Worker-47: Updating maven projects] INFO  o.e.m.c.i.l.LifecycleMappingFactory - Using org.eclipse.m2e.jdt.JarLifecycleMapping lifecycle mapping for MavenProject: com.wonderverse:wonderverse-backend:0.0.1-SNAPSHOT @ /Users/pankajkumar/Desktop/drive/project/WonderVerse/wonderverse-backend/pom.xml.
2026-03-03 17:53:31,977 [Worker-47: Updating maven projects] INFO  o.e.m.j.i.AbstractJavaProjectConfigurator - Adding source folder /wonderverse-backend/src/main/java
2026-03-03 17:53:31,977 [Worker-47: Updating maven projects] INFO  o.e.m.j.i.AbstractJavaProjectConfigurator - Adding resource folder /wonderverse-backend/src/main/resources
2026-03-03 17:53:31,977 [Worker-47: Updating maven projects] INFO  o.e.m.j.i.AbstractJavaProjectConfigurator - Adding resource folder /wonderverse-backend/src/main/resources
2026-03-03 17:53:31,977 [Worker-47: Updating maven projects] INFO  o.e.m.j.i.AbstractJavaProjectConfigurator - Adding source folder /wonderverse-backend/src/test/java
2026-03-03 17:53:31,977 [Worker-47: Updating maven projects] INFO  o.e.m.j.i.AbstractJavaProjectConfigurator - Adding resource folder /wonderverse-backend/src/test/resources
2026-03-03 17:53:32,054 [Worker-47: Updating maven projects] WARN  o.apache.maven.project.MavenProject - Direct modification of compileSourceRoots through clear() is deprecated and will not work in Maven 4.0.0. Please use the add/remove methods instead. If you're using a plugin that causes this warning, please upgrade to the latest version and report an issue if the warning persists. To disable these warnings, set -Dmaven.project.sourceRoots.warningsDisabled=true on the command line, in the .mvn/maven.config file, or in project POM properties.
2026-03-03 17:53:32,054 [Worker-47: Updating maven projects] WARN  o.apache.maven.project.MavenProject - Direct modification of compileSourceRoots through add() is deprecated and will not work in Maven 4.0.0. Please use the add/remove methods instead. If you're using a plugin that causes this warning, please upgrade to the latest version and report an issue if the warning persists. To disable these warnings, set -Dmaven.project.sourceRoots.warningsDisabled=true on the command line, in the .mvn/maven.config file, or in project POM properties.
2026-03-03 17:53:32,054 [Worker-47: Updating maven projects] WARN  o.apache.maven.project.MavenProject - Direct modification of testCompileSourceRoots through clear() is deprecated and will not work in Maven 4.0.0. Please use the add/remove methods instead. If you're using a plugin that causes this warning, please upgrade to the latest version and report an issue if the warning persists. To disable these warnings, set -Dmaven.project.sourceRoots.warningsDisabled=true on the command line, in the .mvn/maven.config file, or in project POM properties.
2026-03-03 17:53:32,054 [Worker-47: Updating maven projects] WARN  o.apache.maven.project.MavenProject - Direct modification of testCompileSourceRoots through add() is deprecated and will not work in Maven 4.0.0. Please use the add/remove methods instead. If you're using a plugin that causes this warning, please upgrade to the latest version and report an issue if the warning persists. To disable these warnings, set -Dmaven.project.sourceRoots.warningsDisabled=true on the command line, in the .mvn/maven.config file, or in project POM properties.
2026-03-03 17:53:32,100 [Worker-47: Updating maven projects] INFO  o.e.m.c.i.p.ProjectConfigurationManager - Update completed for 1 poms: local refresh takes 0.00 sec, refresh facades takes 0.00 sec, update config takes 0.00 sec 
2026-03-03 17:53:32,441 [Worker-47: Building] INFO  o.a.m.s.f.DefaultMavenResourcesFiltering - Copying 1 resource from src/main/resources to target/classes
2026-03-03 17:53:32,450 [Worker-47: Building] INFO  o.a.m.s.f.DefaultMavenResourcesFiltering - Copying 0 resource from src/main/resources to target/classes
2026-03-03 17:53:32,454 [Worker-47: Building] INFO  o.a.m.s.f.DefaultMavenResourcesFiltering - skip non existing resourceDirectory /Users/pankajkumar/Desktop/drive/project/WonderVerse/wonderverse-backend/src/test/resources
2026-03-03 17:53:32,461 [Worker-47: Building] WARN  o.apache.maven.project.MavenProject - Direct modification of compileSourceRoots through clear() is deprecated and will not work in Maven 4.0.0. Please use the add/remove methods instead. If you're using a plugin that causes this warning, please upgrade to the latest version and report an issue if the warning persists. To disable these warnings, set -Dmaven.project.sourceRoots.warningsDisabled=true on the command line, in the .mvn/maven.config file, or in project POM properties.
2026-03-03 17:53:32,461 [Worker-47: Building] WARN  o.apache.maven.project.MavenProject - Direct modification of compileSourceRoots through add() is deprecated and will not work in Maven 4.0.0. Please use the add/remove methods instead. If you're using a plugin that causes this warning, please upgrade to the latest version and report an issue if the warning persists. To disable these warnings, set -Dmaven.project.sourceRoots.warningsDisabled=true on the command line, in the .mvn/maven.config file, or in project POM properties.
2026-03-03 17:53:32,461 [Worker-47: Building] WARN  o.apache.maven.project.MavenProject - Direct modification of testCompileSourceRoots through clear() is deprecated and will not work in Maven 4.0.0. Please use the add/remove methods instead. If you're using a plugin that causes this warning, please upgrade to the latest version and report an issue if the warning persists. To disable these warnings, set -Dmaven.project.sourceRoots.warningsDisabled=true on the command line, in the .mvn/maven.config file, or in project POM properties.
2026-03-03 17:53:32,461 [Worker-47: Building] WARN  o.apache.maven.project.MavenProject - Direct modification of testCompileSourceRoots through add() is deprecated and will not work in Maven 4.0.0. Please use the add/remove methods instead. If you're using a plugin that causes this warning, please upgrade to the latest version and report an issue if the warning persists. To disable these warnings, set -Dmaven.project.sourceRoots.warningsDisabled=true on the command line, in the .mvn/maven.config file, or in project POM properties.
2026-03-03 17:55:52,677 [Worker-49: Building] INFO  o.a.m.s.f.DefaultMavenResourcesFiltering - Copying 1 resource from src/main/resources to target/classes
2026-03-03 17:55:52,685 [Worker-49: Building] INFO  o.a.m.s.f.DefaultMavenResourcesFiltering - Copying 0 resource from src/main/resources to target/classes
2026-03-03 17:55:52,686 [Worker-49: Building] INFO  o.a.m.s.f.DefaultMavenResourcesFiltering - skip non existing resourceDirectory /Users/pankajkumar/Desktop/drive/project/WonderVerse/wonderverse-backend/src/test/resources
2026-03-03 17:55:52,686 [Worker-49: Building] WARN  o.apache.maven.project.MavenProject - Direct modification of compileSourceRoots through clear() is deprecated and will not work in Maven 4.0.0. Please use the add/remove methods instead. If you're using a plugin that causes this warning, please upgrade to the latest version and report an issue if the warning persists. To disable these warnings, set -Dmaven.project.sourceRoots.warningsDisabled=true on the command line, in the .mvn/maven.config file, or in project POM properties.
2026-03-03 17:55:52,687 [Worker-49: Building] WARN  o.apache.maven.project.MavenProject - Direct modification of compileSourceRoots through add() is deprecated and will not work in Maven 4.0.0. Please use the add/remove methods instead. If you're using a plugin that causes this warning, please upgrade to the latest version and report an issue if the warning persists. To disable these warnings, set -Dmaven.project.sourceRoots.warningsDisabled=true on the command line, in the .mvn/maven.config file, or in project POM properties.
2026-03-03 17:55:52,687 [Worker-49: Building] WARN  o.apache.maven.project.MavenProject - Direct modification of testCompileSourceRoots through clear() is deprecated and will not work in Maven 4.0.0. Please use the add/remove methods instead. If you're using a plugin that causes this warning, please upgrade to the latest version and report an issue if the warning persists. To disable these warnings, set -Dmaven.project.sourceRoots.warningsDisabled=true on the command line, in the .mvn/maven.config file, or in project POM properties.
2026-03-03 17:55:52,687 [Worker-49: Building] WARN  o.apache.maven.project.MavenProject - Direct modification of testCompileSourceRoots through add() is deprecated and will not work in Maven 4.0.0. Please use the add/remove methods instead. If you're using a plugin that causes this warning, please upgrade to the latest version and report an issue if the warning persists. To disable these warnings, set -Dmaven.project.sourceRoots.warningsDisabled=true on the command line, in the .mvn/maven.config file, or in project POM properties.
2026-03-03 17:56:29,174 [Worker-74: Building] INFO  o.a.m.s.f.DefaultMavenResourcesFiltering - Copying 1 resource from src/main/resources to target/classes
2026-03-03 17:56:29,175 [Worker-74: Building] INFO  o.a.m.s.f.DefaultMavenResourcesFiltering - Copying 0 resource from src/main/resources to target/classes
2026-03-03 17:56:29,176 [Worker-74: Building] INFO  o.a.m.s.f.DefaultMavenResourcesFiltering - skip non existing resourceDirectory /Users/pankajkumar/Desktop/drive/project/WonderVerse/wonderverse-backend/src/test/resources
2026-03-03 17:56:29,181 [Worker-74: Building] WARN  o.apache.maven.project.MavenProject - Direct modification of compileSourceRoots through clear() is deprecated and will not work in Maven 4.0.0. Please use the add/remove methods instead. If you're using a plugin that causes this warning, please upgrade to the latest version and report an issue if the warning persists. To disable these warnings, set -Dmaven.project.sourceRoots.warningsDisabled=true on the command line, in the .mvn/maven.config file, or in project POM properties.
2026-03-03 17:56:29,182 [Worker-74: Building] WARN  o.apache.maven.project.MavenProject - Direct modification of compileSourceRoots through add() is deprecated and will not work in Maven 4.0.0. Please use the add/remove methods instead. If you're using a plugin that causes this warning, please upgrade to the latest version and report an issue if the warning persists. To disable these warnings, set -Dmaven.project.sourceRoots.warningsDisabled=true on the command line, in the .mvn/maven.config file, or in project POM properties.
2026-03-03 17:56:29,182 [Worker-74: Building] WARN  o.apache.maven.project.MavenProject - Direct modification of testCompileSourceRoots through clear() is deprecated and will not work in Maven 4.0.0. Please use the add/remove methods instead. If you're using a plugin that causes this warning, please upgrade to the latest version and report an issue if the warning persists. To disable these warnings, set -Dmaven.project.sourceRoots.warningsDisabled=true on the command line, in the .mvn/maven.config file, or in project POM properties.
2026-03-03 17:56:29,182 [Worker-74: Building] WARN  o.apache.maven.project.MavenProject - Direct modification of testCompileSourceRoots through add() is deprecated and will not work in Maven 4.0.0. Please use the add/remove methods instead. If you're using a plugin that causes this warning, please upgrade to the latest version and report an issue if the warning persists. To disable these warnings, set -Dmaven.project.sourceRoots.warningsDisabled=true on the command line, in the .mvn/maven.config file, or in project POM properties.
2026-03-03 17:57:06,261 [Worker-74: Building] INFO  o.e.m.c.i.l.LifecycleMappingFactory - Using org.eclipse.m2e.jdt.JarLifecycleMapping lifecycle mapping for MavenProject: com.wonderverse:wonderverse-backend:0.0.1-SNAPSHOT @ /Users/pankajkumar/Desktop/drive/project/WonderVerse/wonderverse-backend/pom.xml.
2026-03-03 17:57:06,542 [Worker-74: Building] INFO  o.a.m.s.f.DefaultMavenResourcesFiltering - Copying 0 resource from src/main/resources to target/classes
2026-03-03 17:57:06,542 [Worker-74: Building] INFO  o.a.m.s.f.DefaultMavenResourcesFiltering - Copying 0 resource from src/main/resources to target/classes
2026-03-03 17:57:06,545 [Worker-74: Building] INFO  o.a.m.s.f.DefaultMavenResourcesFiltering - skip non existing resourceDirectory /Users/pankajkumar/Desktop/drive/project/WonderVerse/wonderverse-backend/src/test/resources
2026-03-03 17:57:06,549 [Worker-74: Building] WARN  o.apache.maven.project.MavenProject - Direct modification of compileSourceRoots through clear() is deprecated and will not work in Maven 4.0.0. Please use the add/remove methods instead. If you're using a plugin that causes this warning, please upgrade to the latest version and report an issue if the warning persists. To disable these warnings, set -Dmaven.project.sourceRoots.warningsDisabled=true on the command line, in the .mvn/maven.config file, or in project POM properties.
2026-03-03 17:57:06,550 [Worker-74: Building] WARN  o.apache.maven.project.MavenProject - Direct modification of compileSourceRoots through add() is deprecated and will not work in Maven 4.0.0. Please use the add/remove methods instead. If you're using a plugin that causes this warning, please upgrade to the latest version and report an issue if the warning persists. To disable these warnings, set -Dmaven.project.sourceRoots.warningsDisabled=true on the command line, in the .mvn/maven.config file, or in project POM properties.
2026-03-03 17:57:06,550 [Worker-74: Building] WARN  o.apache.maven.project.MavenProject - Direct modification of testCompileSourceRoots through clear() is deprecated and will not work in Maven 4.0.0. Please use the add/remove methods instead. If you're using a plugin that causes this warning, please upgrade to the latest version and report an issue if the warning persists. To disable these warnings, set -Dmaven.project.sourceRoots.warningsDisabled=true on the command line, in the .mvn/maven.config file, or in project POM properties.
2026-03-03 17:57:06,550 [Worker-74: Building] WARN  o.apache.maven.project.MavenProject - Direct modification of testCompileSourceRoots through add() is deprecated and will not work in Maven 4.0.0. Please use the add/remove methods instead. If you're using a plugin that causes this warning, please upgrade to the latest version and report an issue if the warning persists. To disable these warnings, set -Dmaven.project.sourceRoots.warningsDisabled=true on the command line, in the .mvn/maven.config file, or in project POM properties.
2026-03-03 17:59:30,493 [Worker-74: Building] INFO  o.a.m.s.f.DefaultMavenResourcesFiltering - Copying 1 resource from src/main/resources to target/classes
2026-03-03 17:59:30,505 [Worker-74: Building] INFO  o.a.m.s.f.DefaultMavenResourcesFiltering - Copying 0 resource from src/main/resources to target/classes
2026-03-03 17:59:30,506 [Worker-74: Building] INFO  o.a.m.s.f.DefaultMavenResourcesFiltering - skip non existing resourceDirectory /Users/pankajkumar/Desktop/drive/project/WonderVerse/wonderverse-backend/src/test/resources
2026-03-03 17:59:30,506 [Worker-74: Building] WARN  o.apache.maven.project.MavenProject - Direct modification of compileSourceRoots through clear() is deprecated and will not work in Maven 4.0.0. Please use the add/remove methods instead. If you're using a plugin that causes this warning, please upgrade to the latest version and report an issue if the warning persists. To disable these warnings, set -Dmaven.project.sourceRoots.warningsDisabled=true on the command line, in the .mvn/maven.config file, or in project POM properties.
2026-03-03 17:59:30,507 [Worker-74: Building] WARN  o.apache.maven.project.MavenProject - Direct modification of compileSourceRoots through add() is deprecated and will not work in Maven 4.0.0. Please use the add/remove methods instead. If you're using a plugin that causes this warning, please upgrade to the latest version and report an issue if the warning persists. To disable these warnings, set -Dmaven.project.sourceRoots.warningsDisabled=true on the command line, in the .mvn/maven.config file, or in project POM properties.
2026-03-03 17:59:30,507 [Worker-74: Building] WARN  o.apache.maven.project.MavenProject - Direct modification of testCompileSourceRoots through clear() is deprecated and will not work in Maven 4.0.0. Please use the add/remove methods instead. If you're using a plugin that causes this warning, please upgrade to the latest version and report an issue if the warning persists. To disable these warnings, set -Dmaven.project.sourceRoots.warningsDisabled=true on the command line, in the .mvn/maven.config file, or in project POM properties.
2026-03-03 17:59:30,507 [Worker-74: Building] WARN  o.apache.maven.project.MavenProject - Direct modification of testCompileSourceRoots through add() is deprecated and will not work in Maven 4.0.0. Please use the add/remove methods instead. If you're using a plugin that causes this warning, please upgrade to the latest version and report an issue if the warning persists. To disable these warnings, set -Dmaven.project.sourceRoots.warningsDisabled=true on the command line, in the .mvn/maven.config file, or in project POM properties.
2026-03-03 18:03:13,299 [Worker-77: Building] INFO  o.a.m.s.f.DefaultMavenResourcesFiltering - Copying 1 resource from src/main/resources to target/classes
2026-03-03 18:03:13,304 [Worker-77: Building] INFO  o.a.m.s.f.DefaultMavenResourcesFiltering - Copying 0 resource from src/main/resources to target/classes
2026-03-03 18:03:13,305 [Worker-77: Building] INFO  o.a.m.s.f.DefaultMavenResourcesFiltering - skip non existing resourceDirectory /Users/pankajkumar/Desktop/drive/project/WonderVerse/wonderverse-backend/src/test/resources
2026-03-03 18:03:13,313 [Worker-77: Building] WARN  o.apache.maven.project.MavenProject - Direct modification of compileSourceRoots through clear() is deprecated and will not work in Maven 4.0.0. Please use the add/remove methods instead. If you're using a plugin that causes this warning, please upgrade to the latest version and report an issue if the warning persists. To disable these warnings, set -Dmaven.project.sourceRoots.warningsDisabled=true on the command line, in the .mvn/maven.config file, or in project POM properties.
2026-03-03 18:03:13,314 [Worker-77: Building] WARN  o.apache.maven.project.MavenProject - Direct modification of compileSourceRoots through add() is deprecated and will not work in Maven 4.0.0. Please use the add/remove methods instead. If you're using a plugin that causes this warning, please upgrade to the latest version and report an issue if the warning persists. To disable these warnings, set -Dmaven.project.sourceRoots.warningsDisabled=true on the command line, in the .mvn/maven.config file, or in project POM properties.
2026-03-03 18:03:13,314 [Worker-77: Building] WARN  o.apache.maven.project.MavenProject - Direct modification of testCompileSourceRoots through clear() is deprecated and will not work in Maven 4.0.0. Please use the add/remove methods instead. If you're using a plugin that causes this warning, please upgrade to the latest version and report an issue if the warning persists. To disable these warnings, set -Dmaven.project.sourceRoots.warningsDisabled=true on the command line, in the .mvn/maven.config file, or in project POM properties.
2026-03-03 18:03:13,314 [Worker-77: Building] WARN  o.apache.maven.project.MavenProject - Direct modification of testCompileSourceRoots through add() is deprecated and will not work in Maven 4.0.0. Please use the add/remove methods instead. If you're using a plugin that causes this warning, please upgrade to the latest version and report an issue if the warning persists. To disable these warnings, set -Dmaven.project.sourceRoots.warningsDisabled=true on the command line, in the .mvn/maven.config file, or in project POM properties.
2026-03-03 18:03:33,657 [Worker-77: Building] INFO  o.a.m.s.f.DefaultMavenResourcesFiltering - Copying 1 resource from src/main/resources to target/classes
2026-03-03 18:03:33,659 [Worker-77: Building] INFO  o.a.m.s.f.DefaultMavenResourcesFiltering - Copying 0 resource from src/main/resources to target/classes
2026-03-03 18:03:33,660 [Worker-77: Building] INFO  o.a.m.s.f.DefaultMavenResourcesFiltering - skip non existing resourceDirectory /Users/pankajkumar/Desktop/drive/project/WonderVerse/wonderverse-backend/src/test/resources
2026-03-03 18:03:33,660 [Worker-77: Building] WARN  o.apache.maven.project.MavenProject - Direct modification of compileSourceRoots through clear() is deprecated and will not work in Maven 4.0.0. Please use the add/remove methods instead. If you're using a plugin that causes this warning, please upgrade to the latest version and report an issue if the warning persists. To disable these warnings, set -Dmaven.project.sourceRoots.warningsDisabled=true on the command line, in the .mvn/maven.config file, or in project POM properties.
2026-03-03 18:03:33,661 [Worker-77: Building] WARN  o.apache.maven.project.MavenProject - Direct modification of compileSourceRoots through add() is deprecated and will not work in Maven 4.0.0. Please use the add/remove methods instead. If you're using a plugin that causes this warning, please upgrade to the latest version and report an issue if the warning persists. To disable these warnings, set -Dmaven.project.sourceRoots.warningsDisabled=true on the command line, in the .mvn/maven.config file, or in project POM properties.
2026-03-03 18:03:33,661 [Worker-77: Building] WARN  o.apache.maven.project.MavenProject - Direct modification of testCompileSourceRoots through clear() is deprecated and will not work in Maven 4.0.0. Please use the add/remove methods instead. If you're using a plugin that causes this warning, please upgrade to the latest version and report an issue if the warning persists. To disable these warnings, set -Dmaven.project.sourceRoots.warningsDisabled=true on the command line, in the .mvn/maven.config file, or in project POM properties.
2026-03-03 18:03:33,661 [Worker-77: Building] WARN  o.apache.maven.project.MavenProject - Direct modification of testCompileSourceRoots through add() is deprecated and will not work in Maven 4.0.0. Please use the add/remove methods instead. If you're using a plugin that causes this warning, please upgrade to the latest version and report an issue if the warning persists. To disable these warnings, set -Dmaven.project.sourceRoots.warningsDisabled=true on the command line, in the .mvn/maven.config file, or in project POM properties.
2026-03-03 18:03:47,965 [Worker-78: Building] INFO  o.a.m.s.f.DefaultMavenResourcesFiltering - Copying 1 resource from src/main/resources to target/classes
2026-03-03 18:03:47,967 [Worker-78: Building] INFO  o.a.m.s.f.DefaultMavenResourcesFiltering - Copying 0 resource from src/main/resources to target/classes
2026-03-03 18:03:47,969 [Worker-78: Building] INFO  o.a.m.s.f.DefaultMavenResourcesFiltering - skip non existing resourceDirectory /Users/pankajkumar/Desktop/drive/project/WonderVerse/wonderverse-backend/src/test/resources
2026-03-03 18:03:47,969 [Worker-78: Building] WARN  o.apache.maven.project.MavenProject - Direct modification of compileSourceRoots through clear() is deprecated and will not work in Maven 4.0.0. Please use the add/remove methods instead. If you're using a plugin that causes this warning, please upgrade to the latest version and report an issue if the warning persists. To disable these warnings, set -Dmaven.project.sourceRoots.warningsDisabled=true on the command line, in the .mvn/maven.config file, or in project POM properties.
2026-03-03 18:03:47,969 [Worker-78: Building] WARN  o.apache.maven.project.MavenProject - Direct modification of compileSourceRoots through add() is deprecated and will not work in Maven 4.0.0. Please use the add/remove methods instead. If you're using a plugin that causes this warning, please upgrade to the latest version and report an issue if the warning persists. To disable these warnings, set -Dmaven.project.sourceRoots.warningsDisabled=true on the command line, in the .mvn/maven.config file, or in project POM properties.
2026-03-03 18:03:47,969 [Worker-78: Building] WARN  o.apache.maven.project.MavenProject - Direct modification of testCompileSourceRoots through clear() is deprecated and will not work in Maven 4.0.0. Please use the add/remove methods instead. If you're using a plugin that causes this warning, please upgrade to the latest version and report an issue if the warning persists. To disable these warnings, set -Dmaven.project.sourceRoots.warningsDisabled=true on the command line, in the .mvn/maven.config file, or in project POM properties.
2026-03-03 18:03:47,969 [Worker-78: Building] WARN  o.apache.maven.project.MavenProject - Direct modification of testCompileSourceRoots through add() is deprecated and will not work in Maven 4.0.0. Please use the add/remove methods instead. If you're using a plugin that causes this warning, please upgrade to the latest version and report an issue if the warning persists. To disable these warnings, set -Dmaven.project.sourceRoots.warningsDisabled=true on the command line, in the .mvn/maven.config file, or in project POM properties.
2026-03-03 18:03:59,402 [Worker-73: Building] INFO  o.a.m.s.f.DefaultMavenResourcesFiltering - Copying 1 resource from src/main/resources to target/classes
2026-03-03 18:03:59,404 [Worker-73: Building] INFO  o.a.m.s.f.DefaultMavenResourcesFiltering - Copying 0 resource from src/main/resources to target/classes
2026-03-03 18:03:59,405 [Worker-73: Building] INFO  o.a.m.s.f.DefaultMavenResourcesFiltering - skip non existing resourceDirectory /Users/pankajkumar/Desktop/drive/project/WonderVerse/wonderverse-backend/src/test/resources
2026-03-03 18:03:59,406 [Worker-73: Building] WARN  o.apache.maven.project.MavenProject - Direct modification of compileSourceRoots through clear() is deprecated and will not work in Maven 4.0.0. Please use the add/remove methods instead. If you're using a plugin that causes this warning, please upgrade to the latest version and report an issue if the warning persists. To disable these warnings, set -Dmaven.project.sourceRoots.warningsDisabled=true on the command line, in the .mvn/maven.config file, or in project POM properties.
2026-03-03 18:03:59,406 [Worker-73: Building] WARN  o.apache.maven.project.MavenProject - Direct modification of compileSourceRoots through add() is deprecated and will not work in Maven 4.0.0. Please use the add/remove methods instead. If you're using a plugin that causes this warning, please upgrade to the latest version and report an issue if the warning persists. To disable these warnings, set -Dmaven.project.sourceRoots.warningsDisabled=true on the command line, in the .mvn/maven.config file, or in project POM properties.
2026-03-03 18:03:59,406 [Worker-73: Building] WARN  o.apache.maven.project.MavenProject - Direct modification of testCompileSourceRoots through clear() is deprecated and will not work in Maven 4.0.0. Please use the add/remove methods instead. If you're using a plugin that causes this warning, please upgrade to the latest version and report an issue if the warning persists. To disable these warnings, set -Dmaven.project.sourceRoots.warningsDisabled=true on the command line, in the .mvn/maven.config file, or in project POM properties.
2026-03-03 18:03:59,406 [Worker-73: Building] WARN  o.apache.maven.project.MavenProject - Direct modification of testCompileSourceRoots through add() is deprecated and will not work in Maven 4.0.0. Please use the add/remove methods instead. If you're using a plugin that causes this warning, please upgrade to the latest version and report an issue if the warning persists. To disable these warnings, set -Dmaven.project.sourceRoots.warningsDisabled=true on the command line, in the .mvn/maven.config file, or in project POM properties.
2026-03-03 18:04:13,312 [Worker-77: Building] INFO  o.a.m.s.f.DefaultMavenResourcesFiltering - Copying 1 resource from src/main/resources to target/classes
2026-03-03 18:04:13,316 [Worker-77: Building] INFO  o.a.m.s.f.DefaultMavenResourcesFiltering - Copying 0 resource from src/main/resources to target/classes
2026-03-03 18:04:13,317 [Worker-77: Building] INFO  o.a.m.s.f.DefaultMavenResourcesFiltering - skip non existing resourceDirectory /Users/pankajkumar/Desktop/drive/project/WonderVerse/wonderverse-backend/src/test/resources
2026-03-03 18:04:13,317 [Worker-77: Building] WARN  o.apache.maven.project.MavenProject - Direct modification of compileSourceRoots through clear() is deprecated and will not work in Maven 4.0.0. Please use the add/remove methods instead. If you're using a plugin that causes this warning, please upgrade to the latest version and report an issue if the warning persists. To disable these warnings, set -Dmaven.project.sourceRoots.warningsDisabled=true on the command line, in the .mvn/maven.config file, or in project POM properties.
2026-03-03 18:04:13,317 [Worker-77: Building] WARN  o.apache.maven.project.MavenProject - Direct modification of compileSourceRoots through add() is deprecated and will not work in Maven 4.0.0. Please use the add/remove methods instead. If you're using a plugin that causes this warning, please upgrade to the latest version and report an issue if the warning persists. To disable these warnings, set -Dmaven.project.sourceRoots.warningsDisabled=true on the command line, in the .mvn/maven.config file, or in project POM properties.
2026-03-03 18:04:13,318 [Worker-77: Building] WARN  o.apache.maven.project.MavenProject - Direct modification of testCompileSourceRoots through clear() is deprecated and will not work in Maven 4.0.0. Please use the add/remove methods instead. If you're using a plugin that causes this warning, please upgrade to the latest version and report an issue if the warning persists. To disable these warnings, set -Dmaven.project.sourceRoots.warningsDisabled=true on the command line, in the .mvn/maven.config file, or in project POM properties.
2026-03-03 18:04:13,318 [Worker-77: Building] WARN  o.apache.maven.project.MavenProject - Direct modification of testCompileSourceRoots through add() is deprecated and will not work in Maven 4.0.0. Please use the add/remove methods instead. If you're using a plugin that causes this warning, please upgrade to the latest version and report an issue if the warning persists. To disable these warnings, set -Dmaven.project.sourceRoots.warningsDisabled=true on the command line, in the .mvn/maven.config file, or in project POM properties.
2026-03-03 18:04:30,042 [Worker-77: Building] INFO  o.a.m.s.f.DefaultMavenResourcesFiltering - Copying 1 resource from src/main/resources to target/classes
2026-03-03 18:04:30,046 [Worker-77: Building] INFO  o.a.m.s.f.DefaultMavenResourcesFiltering - Copying 0 resource from src/main/resources to target/classes
2026-03-03 18:04:30,061 [Worker-77: Building] INFO  o.a.m.s.f.DefaultMavenResourcesFiltering - skip non existing resourceDirectory /Users/pankajkumar/Desktop/drive/project/WonderVerse/wonderverse-backend/src/test/resources
2026-03-03 18:04:30,061 [Worker-77: Building] WARN  o.apache.maven.project.MavenProject - Direct modification of compileSourceRoots through clear() is deprecated and will not work in Maven 4.0.0. Please use the add/remove methods instead. If you're using a plugin that causes this warning, please upgrade to the latest version and report an issue if the warning persists. To disable these warnings, set -Dmaven.project.sourceRoots.warningsDisabled=true on the command line, in the .mvn/maven.config file, or in project POM properties.
2026-03-03 18:04:30,062 [Worker-77: Building] WARN  o.apache.maven.project.MavenProject - Direct modification of compileSourceRoots through add() is deprecated and will not work in Maven 4.0.0. Please use the add/remove methods instead. If you're using a plugin that causes this warning, please upgrade to the latest version and report an issue if the warning persists. To disable these warnings, set -Dmaven.project.sourceRoots.warningsDisabled=true on the command line, in the .mvn/maven.config file, or in project POM properties.
2026-03-03 18:04:30,062 [Worker-77: Building] WARN  o.apache.maven.project.MavenProject - Direct modification of testCompileSourceRoots through clear() is deprecated and will not work in Maven 4.0.0. Please use the add/remove methods instead. If you're using a plugin that causes this warning, please upgrade to the latest version and report an issue if the warning persists. To disable these warnings, set -Dmaven.project.sourceRoots.warningsDisabled=true on the command line, in the .mvn/maven.config file, or in project POM properties.
2026-03-03 18:04:30,063 [Worker-77: Building] WARN  o.apache.maven.project.MavenProject - Direct modification of testCompileSourceRoots through add() is deprecated and will not work in Maven 4.0.0. Please use the add/remove methods instead. If you're using a plugin that causes this warning, please upgrade to the latest version and report an issue if the warning persists. To disable these warnings, set -Dmaven.project.sourceRoots.warningsDisabled=true on the command line, in the .mvn/maven.config file, or in project POM properties.
2026-03-03 18:07:20,095 [Worker-78: Building] INFO  o.a.m.s.f.DefaultMavenResourcesFiltering - Copying 1 resource from src/main/resources to target/classes
2026-03-03 18:07:20,101 [Worker-78: Building] INFO  o.a.m.s.f.DefaultMavenResourcesFiltering - Copying 0 resource from src/main/resources to target/classes
2026-03-03 18:07:20,103 [Worker-78: Building] INFO  o.a.m.s.f.DefaultMavenResourcesFiltering - skip non existing resourceDirectory /Users/pankajkumar/Desktop/drive/project/WonderVerse/wonderverse-backend/src/test/resources
2026-03-03 18:07:20,103 [Worker-78: Building] WARN  o.apache.maven.project.MavenProject - Direct modification of compileSourceRoots through clear() is deprecated and will not work in Maven 4.0.0. Please use the add/remove methods instead. If you're using a plugin that causes this warning, please upgrade to the latest version and report an issue if the warning persists. To disable these warnings, set -Dmaven.project.sourceRoots.warningsDisabled=true on the command line, in the .mvn/maven.config file, or in project POM properties.
2026-03-03 18:07:20,104 [Worker-78: Building] WARN  o.apache.maven.project.MavenProject - Direct modification of compileSourceRoots through add() is deprecated and will not work in Maven 4.0.0. Please use the add/remove methods instead. If you're using a plugin that causes this warning, please upgrade to the latest version and report an issue if the warning persists. To disable these warnings, set -Dmaven.project.sourceRoots.warningsDisabled=true on the command line, in the .mvn/maven.config file, or in project POM properties.
2026-03-03 18:07:20,104 [Worker-78: Building] WARN  o.apache.maven.project.MavenProject - Direct modification of testCompileSourceRoots through clear() is deprecated and will not work in Maven 4.0.0. Please use the add/remove methods instead. If you're using a plugin that causes this warning, please upgrade to the latest version and report an issue if the warning persists. To disable these warnings, set -Dmaven.project.sourceRoots.warningsDisabled=true on the command line, in the .mvn/maven.config file, or in project POM properties.
2026-03-03 18:07:20,105 [Worker-78: Building] WARN  o.apache.maven.project.MavenProject - Direct modification of testCompileSourceRoots through add() is deprecated and will not work in Maven 4.0.0. Please use the add/remove methods instead. If you're using a plugin that causes this warning, please upgrade to the latest version and report an issue if the warning persists. To disable these warnings, set -Dmaven.project.sourceRoots.warningsDisabled=true on the command line, in the .mvn/maven.config file, or in project POM properties.
2026-03-03 18:10:06,287 [Worker-84: Building] INFO  o.a.m.s.f.DefaultMavenResourcesFiltering - Copying 1 resource from src/main/resources to target/classes
2026-03-03 18:10:06,317 [Worker-84: Building] INFO  o.a.m.s.f.DefaultMavenResourcesFiltering - Copying 0 resource from src/main/resources to target/classes
2026-03-03 18:10:06,320 [Worker-84: Building] INFO  o.a.m.s.f.DefaultMavenResourcesFiltering - skip non existing resourceDirectory /Users/pankajkumar/Desktop/drive/project/WonderVerse/wonderverse-backend/src/test/resources
2026-03-03 18:10:06,330 [Worker-84: Building] WARN  o.apache.maven.project.MavenProject - Direct modification of compileSourceRoots through clear() is deprecated and will not work in Maven 4.0.0. Please use the add/remove methods instead. If you're using a plugin that causes this warning, please upgrade to the latest version and report an issue if the warning persists. To disable these warnings, set -Dmaven.project.sourceRoots.warningsDisabled=true on the command line, in the .mvn/maven.config file, or in project POM properties.
2026-03-03 18:10:06,331 [Worker-84: Building] WARN  o.apache.maven.project.MavenProject - Direct modification of compileSourceRoots through add() is deprecated and will not work in Maven 4.0.0. Please use the add/remove methods instead. If you're using a plugin that causes this warning, please upgrade to the latest version and report an issue if the warning persists. To disable these warnings, set -Dmaven.project.sourceRoots.warningsDisabled=true on the command line, in the .mvn/maven.config file, or in project POM properties.
2026-03-03 18:10:06,331 [Worker-84: Building] WARN  o.apache.maven.project.MavenProject - Direct modification of testCompileSourceRoots through clear() is deprecated and will not work in Maven 4.0.0. Please use the add/remove methods instead. If you're using a plugin that causes this warning, please upgrade to the latest version and report an issue if the warning persists. To disable these warnings, set -Dmaven.project.sourceRoots.warningsDisabled=true on the command line, in the .mvn/maven.config file, or in project POM properties.
2026-03-03 18:10:06,332 [Worker-84: Building] WARN  o.apache.maven.project.MavenProject - Direct modification of testCompileSourceRoots through add() is deprecated and will not work in Maven 4.0.0. Please use the add/remove methods instead. If you're using a plugin that causes this warning, please upgrade to the latest version and report an issue if the warning persists. To disable these warnings, set -Dmaven.project.sourceRoots.warningsDisabled=true on the command line, in the .mvn/maven.config file, or in project POM properties.
2026-03-03 18:12:05,463 [Worker-85: Building] INFO  o.a.m.s.f.DefaultMavenResourcesFiltering - Copying 1 resource from src/main/resources to target/classes
2026-03-03 18:12:05,468 [Worker-85: Building] INFO  o.a.m.s.f.DefaultMavenResourcesFiltering - Copying 0 resource from src/main/resources to target/classes
2026-03-03 18:12:05,469 [Worker-85: Building] INFO  o.a.m.s.f.DefaultMavenResourcesFiltering - skip non existing resourceDirectory /Users/pankajkumar/Desktop/drive/project/WonderVerse/wonderverse-backend/src/test/resources
2026-03-03 18:12:05,470 [Worker-85: Building] WARN  o.apache.maven.project.MavenProject - Direct modification of compileSourceRoots through clear() is deprecated and will not work in Maven 4.0.0. Please use the add/remove methods instead. If you're using a plugin that causes this warning, please upgrade to the latest version and report an issue if the warning persists. To disable these warnings, set -Dmaven.project.sourceRoots.warningsDisabled=true on the command line, in the .mvn/maven.config file, or in project POM properties.
2026-03-03 18:12:05,470 [Worker-85: Building] WARN  o.apache.maven.project.MavenProject - Direct modification of compileSourceRoots through add() is deprecated and will not work in Maven 4.0.0. Please use the add/remove methods instead. If you're using a plugin that causes this warning, please upgrade to the latest version and report an issue if the warning persists. To disable these warnings, set -Dmaven.project.sourceRoots.warningsDisabled=true on the command line, in the .mvn/maven.config file, or in project POM properties.
2026-03-03 18:12:05,470 [Worker-85: Building] WARN  o.apache.maven.project.MavenProject - Direct modification of testCompileSourceRoots through clear() is deprecated and will not work in Maven 4.0.0. Please use the add/remove methods instead. If you're using a plugin that causes this warning, please upgrade to the latest version and report an issue if the warning persists. To disable these warnings, set -Dmaven.project.sourceRoots.warningsDisabled=true on the command line, in the .mvn/maven.config file, or in project POM properties.
2026-03-03 18:12:05,470 [Worker-85: Building] WARN  o.apache.maven.project.MavenProject - Direct modification of testCompileSourceRoots through add() is deprecated and will not work in Maven 4.0.0. Please use the add/remove methods instead. If you're using a plugin that causes this warning, please upgrade to the latest version and report an issue if the warning persists. To disable these warnings, set -Dmaven.project.sourceRoots.warningsDisabled=true on the command line, in the .mvn/maven.config file, or in project POM properties.
2026-03-03 18:14:16,950 [Worker-85: Building] INFO  o.a.m.s.f.DefaultMavenResourcesFiltering - Copying 1 resource from src/main/resources to target/classes
2026-03-03 18:14:16,959 [Worker-85: Building] INFO  o.a.m.s.f.DefaultMavenResourcesFiltering - Copying 0 resource from src/main/resources to target/classes
2026-03-03 18:14:16,962 [Worker-85: Building] INFO  o.a.m.s.f.DefaultMavenResourcesFiltering - skip non existing resourceDirectory /Users/pankajkumar/Desktop/drive/project/WonderVerse/wonderverse-backend/src/test/resources
2026-03-03 18:14:16,977 [Worker-85: Building] WARN  o.apache.maven.project.MavenProject - Direct modification of compileSourceRoots through clear() is deprecated and will not work in Maven 4.0.0. Please use the add/remove methods instead. If you're using a plugin that causes this warning, please upgrade to the latest version and report an issue if the warning persists. To disable these warnings, set -Dmaven.project.sourceRoots.warningsDisabled=true on the command line, in the .mvn/maven.config file, or in project POM properties.
2026-03-03 18:14:16,978 [Worker-85: Building] WARN  o.apache.maven.project.MavenProject - Direct modification of compileSourceRoots through add() is deprecated and will not work in Maven 4.0.0. Please use the add/remove methods instead. If you're using a plugin that causes this warning, please upgrade to the latest version and report an issue if the warning persists. To disable these warnings, set -Dmaven.project.sourceRoots.warningsDisabled=true on the command line, in the .mvn/maven.config file, or in project POM properties.
2026-03-03 18:14:16,978 [Worker-85: Building] WARN  o.apache.maven.project.MavenProject - Direct modification of testCompileSourceRoots through clear() is deprecated and will not work in Maven 4.0.0. Please use the add/remove methods instead. If you're using a plugin that causes this warning, please upgrade to the latest version and report an issue if the warning persists. To disable these warnings, set -Dmaven.project.sourceRoots.warningsDisabled=true on the command line, in the .mvn/maven.config file, or in project POM properties.
2026-03-03 18:14:16,978 [Worker-85: Building] WARN  o.apache.maven.project.MavenProject - Direct modification of testCompileSourceRoots through add() is deprecated and will not work in Maven 4.0.0. Please use the add/remove methods instead. If you're using a plugin that causes this warning, please upgrade to the latest version and report an issue if the warning persists. To disable these warnings, set -Dmaven.project.sourceRoots.warningsDisabled=true on the command line, in the .mvn/maven.config file, or in project POM properties.
2026-03-03 18:17:43,457 [Worker-81: Building] INFO  o.a.m.s.f.DefaultMavenResourcesFiltering - Copying 1 resource from src/main/resources to target/classes
2026-03-03 18:17:43,483 [Worker-81: Building] INFO  o.a.m.s.f.DefaultMavenResourcesFiltering - Copying 0 resource from src/main/resources to target/classes
2026-03-03 18:17:43,485 [Worker-81: Building] INFO  o.a.m.s.f.DefaultMavenResourcesFiltering - skip non existing resourceDirectory /Users/pankajkumar/Desktop/drive/project/WonderVerse/wonderverse-backend/src/test/resources
2026-03-03 18:17:43,485 [Worker-81: Building] WARN  o.apache.maven.project.MavenProject - Direct modification of compileSourceRoots through clear() is deprecated and will not work in Maven 4.0.0. Please use the add/remove methods instead. If you're using a plugin that causes this warning, please upgrade to the latest version and report an issue if the warning persists. To disable these warnings, set -Dmaven.project.sourceRoots.warningsDisabled=true on the command line, in the .mvn/maven.config file, or in project POM properties.
2026-03-03 18:17:43,487 [Worker-81: Building] WARN  o.apache.maven.project.MavenProject - Direct modification of compileSourceRoots through add() is deprecated and will not work in Maven 4.0.0. Please use the add/remove methods instead. If you're using a plugin that causes this warning, please upgrade to the latest version and report an issue if the warning persists. To disable these warnings, set -Dmaven.project.sourceRoots.warningsDisabled=true on the command line, in the .mvn/maven.config file, or in project POM properties.
2026-03-03 18:17:43,487 [Worker-81: Building] WARN  o.apache.maven.project.MavenProject - Direct modification of testCompileSourceRoots through clear() is deprecated and will not work in Maven 4.0.0. Please use the add/remove methods instead. If you're using a plugin that causes this warning, please upgrade to the latest version and report an issue if the warning persists. To disable these warnings, set -Dmaven.project.sourceRoots.warningsDisabled=true on the command line, in the .mvn/maven.config file, or in project POM properties.
2026-03-03 18:17:43,488 [Worker-81: Building] WARN  o.apache.maven.project.MavenProject - Direct modification of testCompileSourceRoots through add() is deprecated and will not work in Maven 4.0.0. Please use the add/remove methods instead. If you're using a plugin that causes this warning, please upgrade to the latest version and report an issue if the warning persists. To disable these warnings, set -Dmaven.project.sourceRoots.warningsDisabled=true on the command line, in the .mvn/maven.config file, or in project POM properties.
2026-03-03 18:20:10,982 [Worker-89: Building] INFO  o.a.m.s.f.DefaultMavenResourcesFiltering - Copying 1 resource from src/main/resources to target/classes
2026-03-03 18:20:10,988 [Worker-89: Building] INFO  o.a.m.s.f.DefaultMavenResourcesFiltering - Copying 0 resource from src/main/resources to target/classes
2026-03-03 18:20:10,989 [Worker-89: Building] INFO  o.a.m.s.f.DefaultMavenResourcesFiltering - skip non existing resourceDirectory /Users/pankajkumar/Desktop/drive/project/WonderVerse/wonderverse-backend/src/test/resources
2026-03-03 18:20:10,998 [Worker-89: Building] WARN  o.apache.maven.project.MavenProject - Direct modification of compileSourceRoots through clear() is deprecated and will not work in Maven 4.0.0. Please use the add/remove methods instead. If you're using a plugin that causes this warning, please upgrade to the latest version and report an issue if the warning persists. To disable these warnings, set -Dmaven.project.sourceRoots.warningsDisabled=true on the command line, in the .mvn/maven.config file, or in project POM properties.
2026-03-03 18:20:10,999 [Worker-89: Building] WARN  o.apache.maven.project.MavenProject - Direct modification of compileSourceRoots through add() is deprecated and will not work in Maven 4.0.0. Please use the add/remove methods instead. If you're using a plugin that causes this warning, please upgrade to the latest version and report an issue if the warning persists. To disable these warnings, set -Dmaven.project.sourceRoots.warningsDisabled=true on the command line, in the .mvn/maven.config file, or in project POM properties.
2026-03-03 18:20:10,999 [Worker-89: Building] WARN  o.apache.maven.project.MavenProject - Direct modification of testCompileSourceRoots through clear() is deprecated and will not work in Maven 4.0.0. Please use the add/remove methods instead. If you're using a plugin that causes this warning, please upgrade to the latest version and report an issue if the warning persists. To disable these warnings, set -Dmaven.project.sourceRoots.warningsDisabled=true on the command line, in the .mvn/maven.config file, or in project POM properties.
2026-03-03 18:20:10,999 [Worker-89: Building] WARN  o.apache.maven.project.MavenProject - Direct modification of testCompileSourceRoots through add() is deprecated and will not work in Maven 4.0.0. Please use the add/remove methods instead. If you're using a plugin that causes this warning, please upgrade to the latest version and report an issue if the warning persists. To disable these warnings, set -Dmaven.project.sourceRoots.warningsDisabled=true on the command line, in the .mvn/maven.config file, or in project POM properties.
2026-03-03 18:22:15,884 [Worker-85: Building] INFO  o.a.m.s.f.DefaultMavenResourcesFiltering - Copying 1 resource from src/main/resources to target/classes
2026-03-03 18:22:15,892 [Worker-85: Building] INFO  o.a.m.s.f.DefaultMavenResourcesFiltering - Copying 0 resource from src/main/resources to target/classes
2026-03-03 18:22:15,895 [Worker-85: Building] INFO  o.a.m.s.f.DefaultMavenResourcesFiltering - skip non existing resourceDirectory /Users/pankajkumar/Desktop/drive/project/WonderVerse/wonderverse-backend/src/test/resources
2026-03-03 18:22:15,895 [Worker-85: Building] WARN  o.apache.maven.project.MavenProject - Direct modification of compileSourceRoots through clear() is deprecated and will not work in Maven 4.0.0. Please use the add/remove methods instead. If you're using a plugin that causes this warning, please upgrade to the latest version and report an issue if the warning persists. To disable these warnings, set -Dmaven.project.sourceRoots.warningsDisabled=true on the command line, in the .mvn/maven.config file, or in project POM properties.
2026-03-03 18:22:15,897 [Worker-85: Building] WARN  o.apache.maven.project.MavenProject - Direct modification of compileSourceRoots through add() is deprecated and will not work in Maven 4.0.0. Please use the add/remove methods instead. If you're using a plugin that causes this warning, please upgrade to the latest version and report an issue if the warning persists. To disable these warnings, set -Dmaven.project.sourceRoots.warningsDisabled=true on the command line, in the .mvn/maven.config file, or in project POM properties.
2026-03-03 18:22:15,897 [Worker-85: Building] WARN  o.apache.maven.project.MavenProject - Direct modification of testCompileSourceRoots through clear() is deprecated and will not work in Maven 4.0.0. Please use the add/remove methods instead. If you're using a plugin that causes this warning, please upgrade to the latest version and report an issue if the warning persists. To disable these warnings, set -Dmaven.project.sourceRoots.warningsDisabled=true on the command line, in the .mvn/maven.config file, or in project POM properties.
2026-03-03 18:22:15,898 [Worker-85: Building] WARN  o.apache.maven.project.MavenProject - Direct modification of testCompileSourceRoots through add() is deprecated and will not work in Maven 4.0.0. Please use the add/remove methods instead. If you're using a plugin that causes this warning, please upgrade to the latest version and report an issue if the warning persists. To disable these warnings, set -Dmaven.project.sourceRoots.warningsDisabled=true on the command line, in the .mvn/maven.config file, or in project POM properties.
2026-03-03 18:22:54,077 [Worker-85: Building] INFO  o.a.m.s.f.DefaultMavenResourcesFiltering - Copying 1 resource from src/main/resources to target/classes
2026-03-03 18:22:54,082 [Worker-85: Building] INFO  o.a.m.s.f.DefaultMavenResourcesFiltering - Copying 0 resource from src/main/resources to target/classes
2026-03-03 18:22:54,083 [Worker-85: Building] INFO  o.a.m.s.f.DefaultMavenResourcesFiltering - skip non existing resourceDirectory /Users/pankajkumar/Desktop/drive/project/WonderVerse/wonderverse-backend/src/test/resources
2026-03-03 18:22:54,083 [Worker-85: Building] WARN  o.apache.maven.project.MavenProject - Direct modification of compileSourceRoots through clear() is deprecated and will not work in Maven 4.0.0. Please use the add/remove methods instead. If you're using a plugin that causes this warning, please upgrade to the latest version and report an issue if the warning persists. To disable these warnings, set -Dmaven.project.sourceRoots.warningsDisabled=true on the command line, in the .mvn/maven.config file, or in project POM properties.
2026-03-03 18:22:54,084 [Worker-85: Building] WARN  o.apache.maven.project.MavenProject - Direct modification of compileSourceRoots through add() is deprecated and will not work in Maven 4.0.0. Please use the add/remove methods instead. If you're using a plugin that causes this warning, please upgrade to the latest version and report an issue if the warning persists. To disable these warnings, set -Dmaven.project.sourceRoots.warningsDisabled=true on the command line, in the .mvn/maven.config file, or in project POM properties.
2026-03-03 18:22:54,085 [Worker-85: Building] WARN  o.apache.maven.project.MavenProject - Direct modification of testCompileSourceRoots through clear() is deprecated and will not work in Maven 4.0.0. Please use the add/remove methods instead. If you're using a plugin that causes this warning, please upgrade to the latest version and report an issue if the warning persists. To disable these warnings, set -Dmaven.project.sourceRoots.warningsDisabled=true on the command line, in the .mvn/maven.config file, or in project POM properties.
2026-03-03 18:22:54,085 [Worker-85: Building] WARN  o.apache.maven.project.MavenProject - Direct modification of testCompileSourceRoots through add() is deprecated and will not work in Maven 4.0.0. Please use the add/remove methods instead. If you're using a plugin that causes this warning, please upgrade to the latest version and report an issue if the warning persists. To disable these warnings, set -Dmaven.project.sourceRoots.warningsDisabled=true on the command line, in the .mvn/maven.config file, or in project POM properties.
2026-03-03 18:23:09,047 [Worker-85: Building] INFO  o.a.m.s.f.DefaultMavenResourcesFiltering - Copying 1 resource from src/main/resources to target/classes
2026-03-03 18:23:09,052 [Worker-85: Building] INFO  o.a.m.s.f.DefaultMavenResourcesFiltering - Copying 0 resource from src/main/resources to target/classes
2026-03-03 18:23:09,053 [Worker-85: Building] INFO  o.a.m.s.f.DefaultMavenResourcesFiltering - skip non existing resourceDirectory /Users/pankajkumar/Desktop/drive/project/WonderVerse/wonderverse-backend/src/test/resources
2026-03-03 18:23:09,053 [Worker-85: Building] WARN  o.apache.maven.project.MavenProject - Direct modification of compileSourceRoots through clear() is deprecated and will not work in Maven 4.0.0. Please use the add/remove methods instead. If you're using a plugin that causes this warning, please upgrade to the latest version and report an issue if the warning persists. To disable these warnings, set -Dmaven.project.sourceRoots.warningsDisabled=true on the command line, in the .mvn/maven.config file, or in project POM properties.
2026-03-03 18:23:09,054 [Worker-85: Building] WARN  o.apache.maven.project.MavenProject - Direct modification of compileSourceRoots through add() is deprecated and will not work in Maven 4.0.0. Please use the add/remove methods instead. If you're using a plugin that causes this warning, please upgrade to the latest version and report an issue if the warning persists. To disable these warnings, set -Dmaven.project.sourceRoots.warningsDisabled=true on the command line, in the .mvn/maven.config file, or in project POM properties.
2026-03-03 18:23:09,054 [Worker-85: Building] WARN  o.apache.maven.project.MavenProject - Direct modification of testCompileSourceRoots through clear() is deprecated and will not work in Maven 4.0.0. Please use the add/remove methods instead. If you're using a plugin that causes this warning, please upgrade to the latest version and report an issue if the warning persists. To disable these warnings, set -Dmaven.project.sourceRoots.warningsDisabled=true on the command line, in the .mvn/maven.config file, or in project POM properties.
2026-03-03 18:23:09,054 [Worker-85: Building] WARN  o.apache.maven.project.MavenProject - Direct modification of testCompileSourceRoots through add() is deprecated and will not work in Maven 4.0.0. Please use the add/remove methods instead. If you're using a plugin that causes this warning, please upgrade to the latest version and report an issue if the warning persists. To disable these warnings, set -Dmaven.project.sourceRoots.warningsDisabled=true on the command line, in the .mvn/maven.config file, or in project POM properties.
2026-03-03 18:24:00,811 [Worker-85: Building] INFO  o.a.m.s.f.DefaultMavenResourcesFiltering - Copying 1 resource from src/main/resources to target/classes
2026-03-03 18:24:00,817 [Worker-85: Building] INFO  o.a.m.s.f.DefaultMavenResourcesFiltering - Copying 0 resource from src/main/resources to target/classes
2026-03-03 18:24:00,864 [Worker-85: Building] INFO  o.a.m.s.f.DefaultMavenResourcesFiltering - skip non existing resourceDirectory /Users/pankajkumar/Desktop/drive/project/WonderVerse/wonderverse-backend/src/test/resources
2026-03-03 18:24:00,865 [Worker-85: Building] WARN  o.apache.maven.project.MavenProject - Direct modification of compileSourceRoots through clear() is deprecated and will not work in Maven 4.0.0. Please use the add/remove methods instead. If you're using a plugin that causes this warning, please upgrade to the latest version and report an issue if the warning persists. To disable these warnings, set -Dmaven.project.sourceRoots.warningsDisabled=true on the command line, in the .mvn/maven.config file, or in project POM properties.
2026-03-03 18:24:00,866 [Worker-85: Building] WARN  o.apache.maven.project.MavenProject - Direct modification of compileSourceRoots through add() is deprecated and will not work in Maven 4.0.0. Please use the add/remove methods instead. If you're using a plugin that causes this warning, please upgrade to the latest version and report an issue if the warning persists. To disable these warnings, set -Dmaven.project.sourceRoots.warningsDisabled=true on the command line, in the .mvn/maven.config file, or in project POM properties.
2026-03-03 18:24:00,866 [Worker-85: Building] WARN  o.apache.maven.project.MavenProject - Direct modification of testCompileSourceRoots through clear() is deprecated and will not work in Maven 4.0.0. Please use the add/remove methods instead. If you're using a plugin that causes this warning, please upgrade to the latest version and report an issue if the warning persists. To disable these warnings, set -Dmaven.project.sourceRoots.warningsDisabled=true on the command line, in the .mvn/maven.config file, or in project POM properties.
2026-03-03 18:24:00,866 [Worker-85: Building] WARN  o.apache.maven.project.MavenProject - Direct modification of testCompileSourceRoots through add() is deprecated and will not work in Maven 4.0.0. Please use the add/remove methods instead. If you're using a plugin that causes this warning, please upgrade to the latest version and report an issue if the warning persists. To disable these warnings, set -Dmaven.project.sourceRoots.warningsDisabled=true on the command line, in the .mvn/maven.config file, or in project POM properties.
2026-03-03 18:26:40,225 [Worker-93: Building] INFO  o.a.m.s.f.DefaultMavenResourcesFiltering - Copying 1 resource from src/main/resources to target/classes
2026-03-03 18:26:40,241 [Worker-93: Building] INFO  o.a.m.s.f.DefaultMavenResourcesFiltering - Copying 0 resource from src/main/resources to target/classes
2026-03-03 18:26:40,243 [Worker-93: Building] INFO  o.a.m.s.f.DefaultMavenResourcesFiltering - skip non existing resourceDirectory /Users/pankajkumar/Desktop/drive/project/WonderVerse/wonderverse-backend/src/test/resources
2026-03-03 18:26:40,244 [Worker-93: Building] WARN  o.apache.maven.project.MavenProject - Direct modification of compileSourceRoots through clear() is deprecated and will not work in Maven 4.0.0. Please use the add/remove methods instead. If you're using a plugin that causes this warning, please upgrade to the latest version and report an issue if the warning persists. To disable these warnings, set -Dmaven.project.sourceRoots.warningsDisabled=true on the command line, in the .mvn/maven.config file, or in project POM properties.
2026-03-03 18:26:40,245 [Worker-93: Building] WARN  o.apache.maven.project.MavenProject - Direct modification of compileSourceRoots through add() is deprecated and will not work in Maven 4.0.0. Please use the add/remove methods instead. If you're using a plugin that causes this warning, please upgrade to the latest version and report an issue if the warning persists. To disable these warnings, set -Dmaven.project.sourceRoots.warningsDisabled=true on the command line, in the .mvn/maven.config file, or in project POM properties.
2026-03-03 18:26:40,245 [Worker-93: Building] WARN  o.apache.maven.project.MavenProject - Direct modification of testCompileSourceRoots through clear() is deprecated and will not work in Maven 4.0.0. Please use the add/remove methods instead. If you're using a plugin that causes this warning, please upgrade to the latest version and report an issue if the warning persists. To disable these warnings, set -Dmaven.project.sourceRoots.warningsDisabled=true on the command line, in the .mvn/maven.config file, or in project POM properties.
2026-03-03 18:26:40,246 [Worker-93: Building] WARN  o.apache.maven.project.MavenProject - Direct modification of testCompileSourceRoots through add() is deprecated and will not work in Maven 4.0.0. Please use the add/remove methods instead. If you're using a plugin that causes this warning, please upgrade to the latest version and report an issue if the warning persists. To disable these warnings, set -Dmaven.project.sourceRoots.warningsDisabled=true on the command line, in the .mvn/maven.config file, or in project POM properties.
2026-03-03 18:27:09,682 [Worker-90: Building] INFO  o.a.m.s.f.DefaultMavenResourcesFiltering - Copying 1 resource from src/main/resources to target/classes
2026-03-03 18:27:09,690 [Worker-90: Building] INFO  o.a.m.s.f.DefaultMavenResourcesFiltering - Copying 0 resource from src/main/resources to target/classes
2026-03-03 18:27:09,692 [Worker-90: Building] INFO  o.a.m.s.f.DefaultMavenResourcesFiltering - skip non existing resourceDirectory /Users/pankajkumar/Desktop/drive/project/WonderVerse/wonderverse-backend/src/test/resources
2026-03-03 18:27:09,711 [Worker-90: Building] WARN  o.apache.maven.project.MavenProject - Direct modification of compileSourceRoots through clear() is deprecated and will not work in Maven 4.0.0. Please use the add/remove methods instead. If you're using a plugin that causes this warning, please upgrade to the latest version and report an issue if the warning persists. To disable these warnings, set -Dmaven.project.sourceRoots.warningsDisabled=true on the command line, in the .mvn/maven.config file, or in project POM properties.
2026-03-03 18:27:09,711 [Worker-90: Building] WARN  o.apache.maven.project.MavenProject - Direct modification of compileSourceRoots through add() is deprecated and will not work in Maven 4.0.0. Please use the add/remove methods instead. If you're using a plugin that causes this warning, please upgrade to the latest version and report an issue if the warning persists. To disable these warnings, set -Dmaven.project.sourceRoots.warningsDisabled=true on the command line, in the .mvn/maven.config file, or in project POM properties.
2026-03-03 18:27:09,712 [Worker-90: Building] WARN  o.apache.maven.project.MavenProject - Direct modification of testCompileSourceRoots through clear() is deprecated and will not work in Maven 4.0.0. Please use the add/remove methods instead. If you're using a plugin that causes this warning, please upgrade to the latest version and report an issue if the warning persists. To disable these warnings, set -Dmaven.project.sourceRoots.warningsDisabled=true on the command line, in the .mvn/maven.config file, or in project POM properties.
2026-03-03 18:27:09,712 [Worker-90: Building] WARN  o.apache.maven.project.MavenProject - Direct modification of testCompileSourceRoots through add() is deprecated and will not work in Maven 4.0.0. Please use the add/remove methods instead. If you're using a plugin that causes this warning, please upgrade to the latest version and report an issue if the warning persists. To disable these warnings, set -Dmaven.project.sourceRoots.warningsDisabled=true on the command line, in the .mvn/maven.config file, or in project POM properties.
2026-03-03 18:27:59,392 [Worker-93: Building] INFO  o.a.m.s.f.DefaultMavenResourcesFiltering - Copying 1 resource from src/main/resources to target/classes
2026-03-03 18:27:59,406 [Worker-93: Building] INFO  o.a.m.s.f.DefaultMavenResourcesFiltering - Copying 0 resource from src/main/resources to target/classes
2026-03-03 18:27:59,408 [Worker-93: Building] INFO  o.a.m.s.f.DefaultMavenResourcesFiltering - skip non existing resourceDirectory /Users/pankajkumar/Desktop/drive/project/WonderVerse/wonderverse-backend/src/test/resources
2026-03-03 18:27:59,408 [Worker-93: Building] WARN  o.apache.maven.project.MavenProject - Direct modification of compileSourceRoots through clear() is deprecated and will not work in Maven 4.0.0. Please use the add/remove methods instead. If you're using a plugin that causes this warning, please upgrade to the latest version and report an issue if the warning persists. To disable these warnings, set -Dmaven.project.sourceRoots.warningsDisabled=true on the command line, in the .mvn/maven.config file, or in project POM properties.
2026-03-03 18:27:59,409 [Worker-93: Building] WARN  o.apache.maven.project.MavenProject - Direct modification of compileSourceRoots through add() is deprecated and will not work in Maven 4.0.0. Please use the add/remove methods instead. If you're using a plugin that causes this warning, please upgrade to the latest version and report an issue if the warning persists. To disable these warnings, set -Dmaven.project.sourceRoots.warningsDisabled=true on the command line, in the .mvn/maven.config file, or in project POM properties.
2026-03-03 18:27:59,409 [Worker-93: Building] WARN  o.apache.maven.project.MavenProject - Direct modification of testCompileSourceRoots through clear() is deprecated and will not work in Maven 4.0.0. Please use the add/remove methods instead. If you're using a plugin that causes this warning, please upgrade to the latest version and report an issue if the warning persists. To disable these warnings, set -Dmaven.project.sourceRoots.warningsDisabled=true on the command line, in the .mvn/maven.config file, or in project POM properties.
2026-03-03 18:27:59,409 [Worker-93: Building] WARN  o.apache.maven.project.MavenProject - Direct modification of testCompileSourceRoots through add() is deprecated and will not work in Maven 4.0.0. Please use the add/remove methods instead. If you're using a plugin that causes this warning, please upgrade to the latest version and report an issue if the warning persists. To disable these warnings, set -Dmaven.project.sourceRoots.warningsDisabled=true on the command line, in the .mvn/maven.config file, or in project POM properties.
2026-03-03 18:39:14,723 [Worker-102: Building] INFO  o.a.m.s.f.DefaultMavenResourcesFiltering - Copying 1 resource from src/main/resources to target/classes
2026-03-03 18:39:14,730 [Worker-102: Building] INFO  o.a.m.s.f.DefaultMavenResourcesFiltering - Copying 0 resource from src/main/resources to target/classes
2026-03-03 18:39:14,732 [Worker-102: Building] INFO  o.a.m.s.f.DefaultMavenResourcesFiltering - skip non existing resourceDirectory /Users/pankajkumar/Desktop/drive/project/WonderVerse/wonderverse-backend/src/test/resources
2026-03-03 18:39:14,732 [Worker-102: Building] WARN  o.apache.maven.project.MavenProject - Direct modification of compileSourceRoots through clear() is deprecated and will not work in Maven 4.0.0. Please use the add/remove methods instead. If you're using a plugin that causes this warning, please upgrade to the latest version and report an issue if the warning persists. To disable these warnings, set -Dmaven.project.sourceRoots.warningsDisabled=true on the command line, in the .mvn/maven.config file, or in project POM properties.
2026-03-03 18:39:14,733 [Worker-102: Building] WARN  o.apache.maven.project.MavenProject - Direct modification of compileSourceRoots through add() is deprecated and will not work in Maven 4.0.0. Please use the add/remove methods instead. If you're using a plugin that causes this warning, please upgrade to the latest version and report an issue if the warning persists. To disable these warnings, set -Dmaven.project.sourceRoots.warningsDisabled=true on the command line, in the .mvn/maven.config file, or in project POM properties.
2026-03-03 18:39:14,733 [Worker-102: Building] WARN  o.apache.maven.project.MavenProject - Direct modification of testCompileSourceRoots through clear() is deprecated and will not work in Maven 4.0.0. Please use the add/remove methods instead. If you're using a plugin that causes this warning, please upgrade to the latest version and report an issue if the warning persists. To disable these warnings, set -Dmaven.project.sourceRoots.warningsDisabled=true on the command line, in the .mvn/maven.config file, or in project POM properties.
2026-03-03 18:39:14,734 [Worker-102: Building] WARN  o.apache.maven.project.MavenProject - Direct modification of testCompileSourceRoots through add() is deprecated and will not work in Maven 4.0.0. Please use the add/remove methods instead. If you're using a plugin that causes this warning, please upgrade to the latest version and report an issue if the warning persists. To disable these warnings, set -Dmaven.project.sourceRoots.warningsDisabled=true on the command line, in the .mvn/maven.config file, or in project POM properties.
2026-03-03 18:42:05,598 [Worker-104: Building] INFO  o.a.m.s.f.DefaultMavenResourcesFiltering - Copying 1 resource from src/main/resources to target/classes
2026-03-03 18:42:05,606 [Worker-104: Building] INFO  o.a.m.s.f.DefaultMavenResourcesFiltering - Copying 0 resource from src/main/resources to target/classes
2026-03-03 18:42:05,608 [Worker-104: Building] INFO  o.a.m.s.f.DefaultMavenResourcesFiltering - skip non existing resourceDirectory /Users/pankajkumar/Desktop/drive/project/WonderVerse/wonderverse-backend/src/test/resources
2026-03-03 18:42:05,617 [Worker-104: Building] WARN  o.apache.maven.project.MavenProject - Direct modification of compileSourceRoots through clear() is deprecated and will not work in Maven 4.0.0. Please use the add/remove methods instead. If you're using a plugin that causes this warning, please upgrade to the latest version and report an issue if the warning persists. To disable these warnings, set -Dmaven.project.sourceRoots.warningsDisabled=true on the command line, in the .mvn/maven.config file, or in project POM properties.
2026-03-03 18:42:05,617 [Worker-104: Building] WARN  o.apache.maven.project.MavenProject - Direct modification of compileSourceRoots through add() is deprecated and will not work in Maven 4.0.0. Please use the add/remove methods instead. If you're using a plugin that causes this warning, please upgrade to the latest version and report an issue if the warning persists. To disable these warnings, set -Dmaven.project.sourceRoots.warningsDisabled=true on the command line, in the .mvn/maven.config file, or in project POM properties.
2026-03-03 18:42:05,617 [Worker-104: Building] WARN  o.apache.maven.project.MavenProject - Direct modification of testCompileSourceRoots through clear() is deprecated and will not work in Maven 4.0.0. Please use the add/remove methods instead. If you're using a plugin that causes this warning, please upgrade to the latest version and report an issue if the warning persists. To disable these warnings, set -Dmaven.project.sourceRoots.warningsDisabled=true on the command line, in the .mvn/maven.config file, or in project POM properties.
2026-03-03 18:42:05,617 [Worker-104: Building] WARN  o.apache.maven.project.MavenProject - Direct modification of testCompileSourceRoots through add() is deprecated and will not work in Maven 4.0.0. Please use the add/remove methods instead. If you're using a plugin that causes this warning, please upgrade to the latest version and report an issue if the warning persists. To disable these warnings, set -Dmaven.project.sourceRoots.warningsDisabled=true on the command line, in the .mvn/maven.config file, or in project POM properties.
2026-03-03 18:42:17,964 [Worker-101: Building] INFO  o.a.m.s.f.DefaultMavenResourcesFiltering - Copying 1 resource from src/main/resources to target/classes
2026-03-03 18:42:17,972 [Worker-101: Building] INFO  o.a.m.s.f.DefaultMavenResourcesFiltering - Copying 0 resource from src/main/resources to target/classes
2026-03-03 18:42:17,974 [Worker-101: Building] INFO  o.a.m.s.f.DefaultMavenResourcesFiltering - skip non existing resourceDirectory /Users/pankajkumar/Desktop/drive/project/WonderVerse/wonderverse-backend/src/test/resources
2026-03-03 18:42:17,974 [Worker-101: Building] WARN  o.apache.maven.project.MavenProject - Direct modification of compileSourceRoots through clear() is deprecated and will not work in Maven 4.0.0. Please use the add/remove methods instead. If you're using a plugin that causes this warning, please upgrade to the latest version and report an issue if the warning persists. To disable these warnings, set -Dmaven.project.sourceRoots.warningsDisabled=true on the command line, in the .mvn/maven.config file, or in project POM properties.
2026-03-03 18:42:17,974 [Worker-101: Building] WARN  o.apache.maven.project.MavenProject - Direct modification of compileSourceRoots through add() is deprecated and will not work in Maven 4.0.0. Please use the add/remove methods instead. If you're using a plugin that causes this warning, please upgrade to the latest version and report an issue if the warning persists. To disable these warnings, set -Dmaven.project.sourceRoots.warningsDisabled=true on the command line, in the .mvn/maven.config file, or in project POM properties.
2026-03-03 18:42:17,974 [Worker-101: Building] WARN  o.apache.maven.project.MavenProject - Direct modification of testCompileSourceRoots through clear() is deprecated and will not work in Maven 4.0.0. Please use the add/remove methods instead. If you're using a plugin that causes this warning, please upgrade to the latest version and report an issue if the warning persists. To disable these warnings, set -Dmaven.project.sourceRoots.warningsDisabled=true on the command line, in the .mvn/maven.config file, or in project POM properties.
2026-03-03 18:42:17,974 [Worker-101: Building] WARN  o.apache.maven.project.MavenProject - Direct modification of testCompileSourceRoots through add() is deprecated and will not work in Maven 4.0.0. Please use the add/remove methods instead. If you're using a plugin that causes this warning, please upgrade to the latest version and report an issue if the warning persists. To disable these warnings, set -Dmaven.project.sourceRoots.warningsDisabled=true on the command line, in the .mvn/maven.config file, or in project POM properties.
2026-03-03 18:42:30,530 [Worker-105: Building] INFO  o.a.m.s.f.DefaultMavenResourcesFiltering - Copying 1 resource from src/main/resources to target/classes
2026-03-03 18:42:30,533 [Worker-105: Building] INFO  o.a.m.s.f.DefaultMavenResourcesFiltering - Copying 0 resource from src/main/resources to target/classes
2026-03-03 18:42:30,535 [Worker-105: Building] INFO  o.a.m.s.f.DefaultMavenResourcesFiltering - skip non existing resourceDirectory /Users/pankajkumar/Desktop/drive/project/WonderVerse/wonderverse-backend/src/test/resources
2026-03-03 18:42:30,535 [Worker-105: Building] WARN  o.apache.maven.project.MavenProject - Direct modification of compileSourceRoots through clear() is deprecated and will not work in Maven 4.0.0. Please use the add/remove methods instead. If you're using a plugin that causes this warning, please upgrade to the latest version and report an issue if the warning persists. To disable these warnings, set -Dmaven.project.sourceRoots.warningsDisabled=true on the command line, in the .mvn/maven.config file, or in project POM properties.
2026-03-03 18:42:30,535 [Worker-105: Building] WARN  o.apache.maven.project.MavenProject - Direct modification of compileSourceRoots through add() is deprecated and will not work in Maven 4.0.0. Please use the add/remove methods instead. If you're using a plugin that causes this warning, please upgrade to the latest version and report an issue if the warning persists. To disable these warnings, set -Dmaven.project.sourceRoots.warningsDisabled=true on the command line, in the .mvn/maven.config file, or in project POM properties.
2026-03-03 18:42:30,536 [Worker-105: Building] WARN  o.apache.maven.project.MavenProject - Direct modification of testCompileSourceRoots through clear() is deprecated and will not work in Maven 4.0.0. Please use the add/remove methods instead. If you're using a plugin that causes this warning, please upgrade to the latest version and report an issue if the warning persists. To disable these warnings, set -Dmaven.project.sourceRoots.warningsDisabled=true on the command line, in the .mvn/maven.config file, or in project POM properties.
2026-03-03 18:42:30,536 [Worker-105: Building] WARN  o.apache.maven.project.MavenProject - Direct modification of testCompileSourceRoots through add() is deprecated and will not work in Maven 4.0.0. Please use the add/remove methods instead. If you're using a plugin that causes this warning, please upgrade to the latest version and report an issue if the warning persists. To disable these warnings, set -Dmaven.project.sourceRoots.warningsDisabled=true on the command line, in the .mvn/maven.config file, or in project POM properties.
2026-03-03 18:44:51,161 [Worker-108: Building] INFO  o.a.m.s.f.DefaultMavenResourcesFiltering - Copying 1 resource from src/main/resources to target/classes
2026-03-03 18:44:51,174 [Worker-108: Building] INFO  o.a.m.s.f.DefaultMavenResourcesFiltering - Copying 0 resource from src/main/resources to target/classes
2026-03-03 18:44:51,175 [Worker-108: Building] INFO  o.a.m.s.f.DefaultMavenResourcesFiltering - skip non existing resourceDirectory /Users/pankajkumar/Desktop/drive/project/WonderVerse/wonderverse-backend/src/test/resources
2026-03-03 18:44:51,184 [Worker-108: Building] WARN  o.apache.maven.project.MavenProject - Direct modification of compileSourceRoots through clear() is deprecated and will not work in Maven 4.0.0. Please use the add/remove methods instead. If you're using a plugin that causes this warning, please upgrade to the latest version and report an issue if the warning persists. To disable these warnings, set -Dmaven.project.sourceRoots.warningsDisabled=true on the command line, in the .mvn/maven.config file, or in project POM properties.
2026-03-03 18:44:51,184 [Worker-108: Building] WARN  o.apache.maven.project.MavenProject - Direct modification of compileSourceRoots through add() is deprecated and will not work in Maven 4.0.0. Please use the add/remove methods instead. If you're using a plugin that causes this warning, please upgrade to the latest version and report an issue if the warning persists. To disable these warnings, set -Dmaven.project.sourceRoots.warningsDisabled=true on the command line, in the .mvn/maven.config file, or in project POM properties.
2026-03-03 18:44:51,184 [Worker-108: Building] WARN  o.apache.maven.project.MavenProject - Direct modification of testCompileSourceRoots through clear() is deprecated and will not work in Maven 4.0.0. Please use the add/remove methods instead. If you're using a plugin that causes this warning, please upgrade to the latest version and report an issue if the warning persists. To disable these warnings, set -Dmaven.project.sourceRoots.warningsDisabled=true on the command line, in the .mvn/maven.config file, or in project POM properties.
2026-03-03 18:44:51,185 [Worker-108: Building] WARN  o.apache.maven.project.MavenProject - Direct modification of testCompileSourceRoots through add() is deprecated and will not work in Maven 4.0.0. Please use the add/remove methods instead. If you're using a plugin that causes this warning, please upgrade to the latest version and report an issue if the warning persists. To disable these warnings, set -Dmaven.project.sourceRoots.warningsDisabled=true on the command line, in the .mvn/maven.config file, or in project POM properties.
2026-03-03 18:46:58,820 [Worker-110: Building] INFO  o.a.m.s.f.DefaultMavenResourcesFiltering - Copying 0 resource from src/main/resources to target/classes
2026-03-03 18:46:58,821 [Worker-110: Building] INFO  o.a.m.s.f.DefaultMavenResourcesFiltering - Copying 0 resource from src/main/resources to target/classes
2026-03-03 18:46:58,823 [Worker-110: Building] INFO  o.a.m.s.f.DefaultMavenResourcesFiltering - skip non existing resourceDirectory /Users/pankajkumar/Desktop/drive/project/WonderVerse/wonderverse-backend/src/test/resources
2026-03-03 18:46:58,823 [Worker-110: Building] WARN  o.apache.maven.project.MavenProject - Direct modification of compileSourceRoots through clear() is deprecated and will not work in Maven 4.0.0. Please use the add/remove methods instead. If you're using a plugin that causes this warning, please upgrade to the latest version and report an issue if the warning persists. To disable these warnings, set -Dmaven.project.sourceRoots.warningsDisabled=true on the command line, in the .mvn/maven.config file, or in project POM properties.
2026-03-03 18:46:58,824 [Worker-110: Building] WARN  o.apache.maven.project.MavenProject - Direct modification of compileSourceRoots through add() is deprecated and will not work in Maven 4.0.0. Please use the add/remove methods instead. If you're using a plugin that causes this warning, please upgrade to the latest version and report an issue if the warning persists. To disable these warnings, set -Dmaven.project.sourceRoots.warningsDisabled=true on the command line, in the .mvn/maven.config file, or in project POM properties.
2026-03-03 18:46:58,824 [Worker-110: Building] WARN  o.apache.maven.project.MavenProject - Direct modification of testCompileSourceRoots through clear() is deprecated and will not work in Maven 4.0.0. Please use the add/remove methods instead. If you're using a plugin that causes this warning, please upgrade to the latest version and report an issue if the warning persists. To disable these warnings, set -Dmaven.project.sourceRoots.warningsDisabled=true on the command line, in the .mvn/maven.config file, or in project POM properties.
2026-03-03 18:46:58,824 [Worker-110: Building] WARN  o.apache.maven.project.MavenProject - Direct modification of testCompileSourceRoots through add() is deprecated and will not work in Maven 4.0.0. Please use the add/remove methods instead. If you're using a plugin that causes this warning, please upgrade to the latest version and report an issue if the warning persists. To disable these warnings, set -Dmaven.project.sourceRoots.warningsDisabled=true on the command line, in the .mvn/maven.config file, or in project POM properties.
2026-03-03 18:49:30,947 [Worker-104: Building] INFO  o.a.m.s.f.DefaultMavenResourcesFiltering - Copying 1 resource from src/main/resources to target/classes
2026-03-03 18:49:30,961 [Worker-104: Building] INFO  o.a.m.s.f.DefaultMavenResourcesFiltering - Copying 0 resource from src/main/resources to target/classes
2026-03-03 18:49:30,965 [Worker-104: Building] INFO  o.a.m.s.f.DefaultMavenResourcesFiltering - skip non existing resourceDirectory /Users/pankajkumar/Desktop/drive/project/WonderVerse/wonderverse-backend/src/test/resources
2026-03-03 18:49:30,976 [Worker-104: Building] WARN  o.apache.maven.project.MavenProject - Direct modification of compileSourceRoots through clear() is deprecated and will not work in Maven 4.0.0. Please use the add/remove methods instead. If you're using a plugin that causes this warning, please upgrade to the latest version and report an issue if the warning persists. To disable these warnings, set -Dmaven.project.sourceRoots.warningsDisabled=true on the command line, in the .mvn/maven.config file, or in project POM properties.
2026-03-03 18:49:30,977 [Worker-104: Building] WARN  o.apache.maven.project.MavenProject - Direct modification of compileSourceRoots through add() is deprecated and will not work in Maven 4.0.0. Please use the add/remove methods instead. If you're using a plugin that causes this warning, please upgrade to the latest version and report an issue if the warning persists. To disable these warnings, set -Dmaven.project.sourceRoots.warningsDisabled=true on the command line, in the .mvn/maven.config file, or in project POM properties.
2026-03-03 18:49:30,977 [Worker-104: Building] WARN  o.apache.maven.project.MavenProject - Direct modification of testCompileSourceRoots through clear() is deprecated and will not work in Maven 4.0.0. Please use the add/remove methods instead. If you're using a plugin that causes this warning, please upgrade to the latest version and report an issue if the warning persists. To disable these warnings, set -Dmaven.project.sourceRoots.warningsDisabled=true on the command line, in the .mvn/maven.config file, or in project POM properties.
2026-03-03 18:49:30,977 [Worker-104: Building] WARN  o.apache.maven.project.MavenProject - Direct modification of testCompileSourceRoots through add() is deprecated and will not work in Maven 4.0.0. Please use the add/remove methods instead. If you're using a plugin that causes this warning, please upgrade to the latest version and report an issue if the warning persists. To disable these warnings, set -Dmaven.project.sourceRoots.warningsDisabled=true on the command line, in the .mvn/maven.config file, or in project POM properties.
2026-03-03 18:51:43,281 [Worker-109: Building] INFO  o.a.m.s.f.DefaultMavenResourcesFiltering - Copying 1 resource from src/main/resources to target/classes
2026-03-03 18:51:43,288 [Worker-109: Building] INFO  o.a.m.s.f.DefaultMavenResourcesFiltering - Copying 0 resource from src/main/resources to target/classes
2026-03-03 18:51:43,289 [Worker-109: Building] INFO  o.a.m.s.f.DefaultMavenResourcesFiltering - skip non existing resourceDirectory /Users/pankajkumar/Desktop/drive/project/WonderVerse/wonderverse-backend/src/test/resources
2026-03-03 18:51:43,289 [Worker-109: Building] WARN  o.apache.maven.project.MavenProject - Direct modification of compileSourceRoots through clear() is deprecated and will not work in Maven 4.0.0. Please use the add/remove methods instead. If you're using a plugin that causes this warning, please upgrade to the latest version and report an issue if the warning persists. To disable these warnings, set -Dmaven.project.sourceRoots.warningsDisabled=true on the command line, in the .mvn/maven.config file, or in project POM properties.
2026-03-03 18:51:43,290 [Worker-109: Building] WARN  o.apache.maven.project.MavenProject - Direct modification of compileSourceRoots through add() is deprecated and will not work in Maven 4.0.0. Please use the add/remove methods instead. If you're using a plugin that causes this warning, please upgrade to the latest version and report an issue if the warning persists. To disable these warnings, set -Dmaven.project.sourceRoots.warningsDisabled=true on the command line, in the .mvn/maven.config file, or in project POM properties.
2026-03-03 18:51:43,290 [Worker-109: Building] WARN  o.apache.maven.project.MavenProject - Direct modification of testCompileSourceRoots through clear() is deprecated and will not work in Maven 4.0.0. Please use the add/remove methods instead. If you're using a plugin that causes this warning, please upgrade to the latest version and report an issue if the warning persists. To disable these warnings, set -Dmaven.project.sourceRoots.warningsDisabled=true on the command line, in the .mvn/maven.config file, or in project POM properties.
2026-03-03 18:51:43,290 [Worker-109: Building] WARN  o.apache.maven.project.MavenProject - Direct modification of testCompileSourceRoots through add() is deprecated and will not work in Maven 4.0.0. Please use the add/remove methods instead. If you're using a plugin that causes this warning, please upgrade to the latest version and report an issue if the warning persists. To disable these warnings, set -Dmaven.project.sourceRoots.warningsDisabled=true on the command line, in the .mvn/maven.config file, or in project POM properties.
